,2018-01-15,2018-01-16,2018-01-17,2018-01-18,2018-01-19,2018-01-20,2018-01-21,2018-01-22,2018-01-23,2018-01-24,2018-01-25,2018-01-26,2018-01-27,2018-01-28,2018-01-29,2018-01-30,2018-01-31,2018-02-01,2018-02-02,2018-02-03
0,BTC,BTC,BTC,BTC,BTC,BTC,BTC,BTC,BTC,BTC,BTC,BTC,BTC,BTC,BTC,BTC,BTC,BTC,BTC,BTC
1,ETH,ETH,ETH,ETH,ETH,ETH,ETH,ETH,ETH,ETH,ETH,ETH,ETH,ETH,ETH,ETH,ETH,ETH,ETH,ETH
2,XRP,XRP,XRP,XRP,XRP,XRP,XRP,XRP,XRP,XRP,XRP,XRP,XRP,XRP,XRP,XRP,XRP,XRP,XRP,XRP
3,BCH,BCH,BCH,BCH,BCH,BCH,BCH,BCH,BCH,BCH,BCH,BCH,BCH,BCH,BCH,BCH,BCH,BCH,BCH,BCH
4,ADA,ADA,ADA,ADA,ADA,ADA,ADA,ADA,ADA,ADA,ADA,ADA,ADA,ADA,ADA,ADA,ADA,ADA,ADA,ADA
5,LTC,LTC,LTC,LTC,LTC,LTC,LTC,LTC,LTC,LTC,XLM,XLM,XLM,XLM,XLM,NEO,NEO,XLM,XLM,NEO
6,XEM,XEM,NEO,NEO,XEM,XEM,XEM,XEM,XEM,XLM,LTC,LTC,LTC,LTC,LTC,XLM,LTC,NEO,NEO,XLM
7,XLM,NEO,XEM,XEM,NEO,NEO,NEO,NEO,XLM,XEM,NEO,EOS,EOS,XEM,NEO,LTC,XLM,LTC,LTC,LTC
8,NEO,XLM,XLM,XLM,XLM,XLM,EOS,EOS,EOS,EOS,XEM,NEO,NEO,NEO,EOS,EOS,EOS,EOS,EOS,EOS
9,MIOTA,MIOTA,MIOTA,MIOTA,MIOTA,MIOTA,XLM,XLM,NEO,NEO,EOS,XEM,XEM,EOS,XEM,XEM,XEM,XEM,XEM,XEM
10,EOS,EOS,EOS,DASH,DASH,EOS,MIOTA,MIOTA,MIOTA,MIOTA,MIOTA,MIOTA,MIOTA,MIOTA,MIOTA,MIOTA,MIOTA,MIOTA,MIOTA,MIOTA
11,DASH,DASH,DASH,EOS,EOS,DASH,DASH,DASH,DASH,DASH,DASH,DASH,DASH,DASH,DASH,DASH,DASH,DASH,DASH,DASH
12,XMR,XMR,XMR,TRX,TRX,XMR,XMR,XMR,XMR,XMR,XMR,XMR,XMR,XMR,XMR,XMR,XMR,XMR,XMR,XMR
13,TRX,TRX,TRX,XMR,XMR,TRX,TRX,TRX,TRX,TRX,TRX,TRX,TRX,TRX,TRX,TRX,TRX,TRX,TRX,TRX
14,BTG,ETC,ICX,ETC,ICX,ICX,ICX,ICX,ICX,ICX,VEN,VEN,VEN,VEN,ICX,ICX,ICX,QTUM,QTUM,LSK
15,ETC,QTUM,ETC,ICX,ETC,ETC,QTUM,QTUM,QTUM,QTUM,ICX,QTUM,ICX,ICX,ETC,QTUM,QTUM,LSK,LSK,VEN
16,ICX,ICX,QTUM,QTUM,QTUM,QTUM,ETC,ETC,ETC,ETC,QTUM,ICX,QTUM,ETC,QTUM,ETC,ETC,ICX,ETC,ETC
17,QTUM,LSK,LSK,LSK,LSK,LSK,LSK,LSK,LSK,LSK,ETC,ETC,ETC,QTUM,VEN,VEN,VEN,VEN,VEN,XRB
18,LSK,XRB,XRB,XRB,XRB,XRB,XRB,XRB,VEN,VEN,LSK,LSK,LSK,LSK,PPT,LSK,LSK,ETC,PPT,QTUM
19,XRB,OMG,OMG,OMG,OMG,OMG,VEN,VEN,XRB,XRB,XRB,OMG,XRB,XRB,LSK,PPT,PPT,XRB,ICX,USDT
20,OMG,ARDR,USDT,ARDR,USDT,VEN,OMG,OMG,USDT,PPT,OMG,PPT,PPT,PPT,XRB,XRB,USDT,PPT,XRB,ICX
21,ARDR,STRAT,ZEC,USDT,XVG,ZEC,PPT,PPT,OMG,OMG,PPT,XRB,OMG,OMG,USDT,USDT,XRB,USDT,USDT,PPT
22,BNB,BNB,ARDR,ZEC,SC,USDT,ZEC,USDT,PPT,USDT,USDT,STEEM,USDT,USDT,OMG,OMG,OMG,OMG,OMG,OMG
23,ZEC,ZEC,STRAT,SC,PPT,PPT,USDT,ZEC,ZEC,ZEC,STEEM,USDT,STEEM,STEEM,STEEM,STRAT,ZEC,ZEC,ZEC,ZEC
24,XVG,SC,PPT,PPT,VEN,XVG,XVG,XVG,XVG,XVG,ZEC,ZEC,ZEC,ZEC,ZEC,STEEM,STRAT,STEEM,STEEM,STEEM
25,STRAT,BCN,VEN,STRAT,ZEC,SC,BNB,BNB,BNB,BNB,XVG,BNB,STRAT,STRAT,STRAT,ZEC,STEEM,STRAT,BTS,BNB
26,BCN,PPT,BNB,BNB,ARDR,BNB,SC,SC,SC,SC,BNB,XVG,BNB,XVG,SC,SC,BNB,BTS,STRAT,STRAT
27,SC,VEN,XVG,XVG,BCN,STRAT,STRAT,STRAT,BCN,STRAT,STRAT,SC,BCN,BCN,BCN,BCN,BCN,BNB,BNB,DGD
28,BCC,XVG,SC,BCN,STRAT,ARDR,BCN,BCN,STRAT,BCN,SC,STRAT,XVG,BTS,BNB,BNB,SC,BCN,BCN,SC
29,PPT,BCC,BCN,VEN,BNB,BCN,STEEM,STEEM,STEEM,STEEM,BCN,BCN,SC,BNB,XVG,XVG,BTS,SC,SC,BCN
30,VEN,USDT,SNT,SNT,SNT,STEEM,ARDR,ARDR,ARDR,ARDR,ARDR,BTS,BTS,SC,BTS,BTS,XVG,XVG,XVG,BTS
31,STEEM,SNT,KCS,KCS,STEEM,SNT,SNT,SNT,SNT,REP,BTS,ARDR,ZRX,ZRX,SNT,SNT,ARDR,ZRX,ZRX,XVG
32,SNT,BTS,STEEM,STEEM,MKR,BTS,BTS,MKR,MKR,SNT,SNT,SNT,SNT,WTC,ARDR,ARDR,SNT,MKR,MKR,MKR
33,USDT,STEEM,BTS,BTS,KCS,MKR,REP,REP,REP,MKR,REP,REP,ARDR,SNT,WTC,WTC,WTC,SNT,VERI,VERI
34,BTS,KCS,WAVES,DOGE,BTS,ZRX,MKR,BTS,BTS,BTS,MKR,WAVES,WTC,ARDR,ZRX,ZRX,ZRX,VERI,REP,ZRX
35,DOGE,DOGE,ZRX,WAVES,DOGE,DOGE,KCS,KCS,ZRX,WAVES,WTC,DOGE,REP,KCS,KCS,REP,MKR,WTC,SNT,REP
36,KCS,WAVES,DOGE,DRGN,WAVES,WAVES,ZRX,ZRX,WAVES,ZRX,WAVES,MKR,MKR,REP,REP,WAVES,WAVES,ARDR,WTC,WAVES
37,WAVES,REP,REP,ZRX,ZRX,KCS,WAVES,WAVES,DOGE,DOGE,IOST,WTC,WAVES,WAVES,MKR,MKR,REP,WAVES,WAVES,WTC
38,REP,ZRX,ETN,DCN,DCN,REP,DOGE,DOGE,KCS,WTC,ZRX,ZRX,DOGE,MKR,WAVES,KCS,VERI,REP,KCS,KCS
39,SMART,KMD,DRGN,REP,DRGN,VERI,ETN,ETN,VERI,ETN,DOGE,VERI,VERI,DOGE,DOGE,VERI,KCS,KCS,RHOC,SNT
40,ZRX,DGB,VERI,ETN,REP,ETN,VERI,VERI,ETN,KCS,VERI,HSR,HSR,VERI,RHOC,RHOC,DOGE,RHOC,AE,AE
41,DGB,GNT,KMD,MKR,VERI,DCN,KMD,KMD,WTC,VERI,ETN,ARK,KCS,HSR,VERI,DOGE,RHOC,AE,ARDR,RHOC
42,DRGN,VERI,SALT,VERI,ETN,DRGN,LRC,WTC,KMD,KMD,KMD,ETN,KMD,KMD,AE,KMD,HSR,DOGE,DOGE,ARDR
43,DCN,GAS,QASH,KMD,KMD,KMD,DCR,DCR,DRGN,PIVX,KCS,KMD,ARK,DRGN,KMD,AE,KMD,DCR,DCR,DCR
44,QASH,QASH,DGB,SALT,ARK,DCR,DRGN,DRGN,DCR,DCR,HSR,IOST,ETN,RHOC,HSR,HSR,DCR,KMD,DGD,DOGE
45,KMD,DRGN,GNT,ARK,DGB,LRC,DCN,LRC,DCN,ARK,ARK,KCS,RHOC,ETN,DRGN,GAS,GAS,HSR,HSR,HSR
46,VERI,ETN,ARK,QASH,WAX,ARK,ARK,DCN,LRC,DRGN,DCR,RHOC,IOST,AE,ARK,ARK,AE,GAS,KMD,KMD
47,LRC,ARK,GAS,DGB,QASH,WAX,SALT,ARK,ARK,DCN,LRC,DCR,LRC,BAT,BAT,DCR,LRC,ARK,GAS,DRGN
48,ETN,WAX,DCR,BAT,BAT,DGB,WTC,SALT,SALT,BAT,DCN,LRC,DCR,ARK,DGB,DRGN,ARK,DRGN,DRGN,GAS
49,ARK,HSR,HSR,DCR,SALT,BAT,DGB,QASH,DGB,LRC,PIVX,ELF,AE,LRC,ETN,BAT,DRGN,LRC,ARK,ARK
50,HSR,DCN,WAX,GAS,DCR,GNT,BAT,BAT,QASH,DGB,DRGN,PIVX,BAT,DCR,DCR,DGB,BAT,DGB,BAT,LRC
51,GNT,DCR,DCN,GNT,GBYTE,QASH,QASH,DGB,BAT,HSR,DGB,BAT,DCN,IOST,LRC,LRC,DGB,BAT,LRC,ETN
52,WAX,PIVX,LRC,ETHOS,GNT,HSR,GNT,GNT,PIVX,GNT,BAT,DCN,DRGN,DGB,QASH,ETN,ETN,ETN,DGB,BAT
53,GAS,LRC,WTC,WAX,WTC,SALT,HSR,HSR,HSR,QASH,GBYTE,DGB,PIVX,PIVX,PIVX,PIVX,IGNIS,ELF,ELF,DGB
54,DCR,ZCL,ETHOS,LRC,GAS,WTC,GBYTE,WAX,GNT,WAX,QASH,DRGN,DGB,DCN,DCN,ELF,DGD,DGD,ETN,ELF
55,BAT,WTC,PIVX,DENT,DENT,FUN,WAX,ETHOS,GBYTE,GBYTE,GNT,GBYTE,ELF,QASH,IOST,DCN,ELF,PIVX,DCN,DCN
56,PIVX,SALT,RHOC,PIVX,ETHOS,GBYTE,GAS,GAS,WAX,CND,GAS,QASH,DGD,ZCL,ELF,QASH,QASH,QASH,PIVX,GBYTE
57,WTC,GBYTE,GBYTE,GBYTE,LRC,GAS,PIVX,RHOC,GAS,ETHOS,RHOC,AE,QASH,ELF,GAS,IOST,PIVX,NAS,IOST,ZCL
58,ZCL,AION,ZCL,HSR,PIVX,PIVX,ETHOS,PIVX,ETHOS,FUN,ELF,GNT,GAS,GNT,GNT,NAS,NAS,GNT,GNT,PIVX
59,GBYTE,FUN,FUN,RHOC,FUN,ETHOS,FUN,FUN,FUN,GAS,FUN,GAS,GBYTE,GAS,DGD,GBYTE,DCN,GBYTE,NAS,QASH
60,SALT,FCT,AION,WTC,HSR,DENT,ZCL,GBYTE,RHOC,RHOC,WAX,ZCL,ZCL,GBYTE,GBYTE,GNT,IOST,DCN,QASH,NAS
61,DENT,DENT,FCT,FUN,RHOC,ZCL,AION,AION,CND,FCT,ETHOS,WAX,GNT,AION,ZCL,DGD,GBYTE,IOST,PLR,PLR
62,AION,MONA,DGD,ZCL,RDD,RHOC,FCT,DENT,FCT,SALT,AE,FUN,WAX,DGD,NAS,DENT,GNT,ZCL,ZCL,IOST
63,BTM,ETHOS,MONA,AION,ZCL,FCT,ELF,FCT,DENT,POWR,FCT,DGD,CND,FUN,FUN,ZCL,ZCL,FUN,GBYTE,GNT
64,FCT,XP,DENT,POWR,MED,POWR,DENT,ZCL,AION,DGD,SALT,ETHOS,FUN,WAX,CNX,FUN,FUN,R,CNX,CNX
65,KNC,MAID,AE,FCT,POWR,RDD,RHOC,MONA,NXT,DENT,CNX,FCT,SALT,CNX,AION,CNX,DENT,IGNIS,CND,ETHOS
66,FUN,GXS,REQ,NXS,FCT,ELF,MONA,ELF,MONA,CNX,AION,CND,ETHOS,SALT,SALT,AION,AION,PLR,FUN,CND
67,ETHOS,SUB,GXS,AE,REQ,KIN,POWR,POWR,POWR,AION,POWR,SALT,NAS,NAS,FCT,SALT,CNX,AION,ETHOS,R
68,RDD,AE,KIN,RDD,XP,AION,KIN,DGD,DGD,AE,CND,POWR,FCT,ETHOS,ETHOS,FCT,FCT,ETHOS,AION,GXS
69,POWR,POWR,POWR,DGD,AION,MED,NAS,KIN,ELF,ELF,ZCL,NAS,CNX,CND,POWR,POWR,CND,FCT,SALT,BTX
70,GXS,RDD,SYS,REQ,NXS,ENG,SUB,NAS,KIN,MONA,DENT,AION,POWR,FCT,CND,IGNIS,SALT,CNX,POWR,AION
71,AE,SYS,SUB,XP,KIN,REQ,AE,AE,AE,SRN,DGD,CNX,AION,POWR,NXS,ETHOS,ETHOS,POWR,R,DENT
72,MED,NXS,MAID,MONA,DGD,DGD,DGD,SYS,NAS,NXT,NAS,DENT,DENT,DENT,SYS,CND,POWR,DENT,DENT,SYS
73,RHOC,NXT,NXS,MED,MONA,NXS,LINK,RDD,ZCL,NAS,MONA,MONA,RDD,SYS,DENT,SYS,PLR,CND,FCT,POWR
74,REQ,MED,RDD,NEBL,AE,AE,RDD,ENG,SYS,SYS,PART,SYS,NXS,MONA,MONA,NXT,R,SALT,SYS,FCT
75,KIN,REQ,NEBL,SYS,ENG,SYS,SYS,NEBL,SRN,ZCL,NXT,NXT,SYS,NXS,GXS,PLR,GXS,GXS,GXS,SALT
76,SYS,ENG,XZC,ENG,ELF,MONA,NEBL,NXS,MAID,ENG,SYS,XP,GXS,RDD,RDD,MONA,MONA,SYS,BTX,KIN
77,XP,RHOC,ENG,SUB,SYS,NEBL,ENG,REQ,RDD,RDD,SRN,GXS,NXT,ENG,NXT,NXS,NXT,XZC,IGNIS,FUN
78,ENG,KIN,XP,ELF,NEBL,EMC,REQ,LINK,REQ,REQ,ENG,NXS,MONA,NXT,ENG,RDD,SYS,NXT,XZC,MONA
79,NXS,DGD,NAS,MAID,BCC,XP,MED,EMC,NXS,MAID,RDD,KIN,MED,GXS,XZC,GXS,NXS,MONA,NXT,NXT
80,MONA,GAME,NXT,NXT,GXS,GXS,NXS,SUB,GXS,NXS,GXS,ENG,ENG,REQ,BNT,XZC,XZC,NXS,KIN,XZC
81,MAID,NAS,BNT,GXS,MAID,MAID,XP,CND,ENG,GXS,KIN,MED,KIN,MAID,WAX,ENG,RDD,REQ,REQ,IGNIS
82,DGD,PART,PART,XZC,NXT,NXT,GXS,MAID,EMC,XZC,MAID,PART,MAID,MED,MAID,MAID,MAID,MAID,MAID,RDD
83,NXT,BNT,GAME,NAS,SUB,CND,EMC,XZC,NEBL,KIN,NXS,RDD,SRN,BNT,KIN,KIN,KIN,RDD,ENG,REQ
84,SUB,PAY,ELF,KIN,NAS,SUB,NXT,NXT,LINK,LINK,REQ,MAID,XZC,XZC,REQ,REQ,ENG,BTX,NXS,ENG
85,ELF,GNO,MED,GAME,QSP,XZC,MAID,BTX,CNX,BNT,XZC,REQ,BNT,PART,PAY,BTX,REQ,KIN,RDD,PAY
86,NAS,XZC,LINK,QSP,BTX,QSP,XZC,XP,XZC,XP,BNT,SRN,REQ,BTX,BTX,WAX,BTX,ENG,BNT,PART
87,PAY,ELF,XPA,PART,XZC,NAS,BNT,MED,MED,NEBL,BTX,XZC,PART,XP,MED,PART,PAY,PART,PART,NXS
88,BNT,XDN,QSP,BNT,EMC,BTX,QSP,GXS,BNT,QSP,XP,BNT,XP,LINK,PART,MED,SRN,PAY,PAY,MAID
89,GAME,CVC,PAY,BTX,PAC,GAME,BTCD,BNT,SUB,MED,NEBL,BTX,BTX,KIN,PLR,PAY,PART,WAX,MONA,BNT
90,ICN,LINK,BTX,PAY,PART,BTCD,GAME,QSP,QSP,SUB,QSP,GAME,GAME,QSP,GAME,GNO,WAX,EMC,GNO,GAME
91,GNO,EMC,EMC,LINK,XDN,LINK,BTX,CNX,BTX,EMC,LINK,QSP,QSP,NEBL,LINK,QSP,MED,GNO,NEBL,GNO
92,XZC,COB,BTCD,GNO,VEE,GNO,CND,GAME,XP,PAY,MED,LINK,NEBL,GAME,GNO,PPP,EMC,MED,WAX,LINK
93,PART,RDN,GNO,XDN,GAME,BNT,PAY,BTCD,PAY,PART,PAY,NEBL,SUB,PAY,QSP,NEBL,GNO,NEBL,EMC,QSP
94,COB,XPA,CVC,CVC,BNT,PART,GNO,PAY,XPA,GAME,GNO,PAY,PAY,GNO,NEBL,LINK,LINK,LINK,LINK,EMC
95,EMC,BTCD,SKY,EMC,PAY,PAC,CVC,GNO,GAME,PLR,SUB,GNO,LINK,PLR,SRN,GAME,NEBL,QSP,RDN,HPB
96,CVC,CNX,CNX,CNX,LINK,PAY,PART,XPA,CVC,BTX,PLR,PLR,PLR,SRN,RDN,RDN,QSP,BNT,GAME,MED
97,LINK,NEBL,COB,BTCD,CVC,CVC,PAC,PART,GNO,GNO,XPA,SPHTX,GNO,STORM,XP,POE,GAME,GAME,MED,NEBL
98,NEBL,PAC,RDN,SKY,GNO,BCC,XPA,PAC,BTCD,XPA,EMC,SUB,CVC,SUB,CVC,SUB,BNT,RDN,QSP,WAX
99,BTCD,SKY,XDN,PAC,CNX,POE,VEE,CVC,PAC,RDN,GAME,CVC,XDN,CVC,SUB,CVC,RDN,SUB,HPB,SUB
100,XDN,VEE,BIX,COB,BTCD,XDN,CNX,SRN,PART,CVC,CVC,RLC,SPHTX,EMC,XDN,BLOCK,CVC,CVC,PPP,RDN
101,SAN,QSP,NAV,RDN,CND,VIBE,XDN,PLR,SKY,POE,SPHTX,ENJ,EMC,RDN,EMC,BNT,SUB,SRN,XPA,CVC
102,XPA,PLR,DEW,VEE,RDN,XPA,POE,SKY,PLR,TNB,SKY,EMC,RDN,RLC,STORM,EMC,POE,PPP,POE,BLOCK
103,RDN,NAV,VEE,DEW,COB,CNX,PLR,POE,POE,BTCD,BTCD,TNB,POE,POE,XPA,XDN,XDN,XDN,SUB,STORJ
104,QSP,STORJ,BCO,POE,PLR,RDN,SKY,XDN,XDN,SKY,RDN,RDN,STORM,XPA,UBQ,SRN,XPA,HPB,SRN,ANT
105,VEE,BLOCK,PAC,SAN,SKY,STORJ,RDN,SPHTX,RDN,PAC,RLC,POE,XPA,SPHTX,STORJ,STORJ,BLOCK,POE,CVC,XPA
106,STORM,VTC,BLOCK,XPA,POE,COB,DEW,RDN,SPHTX,STORJ,POE,SKY,RLC,XDN,SPHTX,UBQ,STORJ,BLOCK,XDN,POE
107,PAC,RLC,PLR,PLR,SPHTX,SKY,SPHTX,VEE,DEW,XDN,STORJ,STORJ,ENJ,ENJ,TNB,STORM,PPP,XPA,ITC,BTCD
108,RLC,STORM,PPP,BIX,DEW,VEE,STORJ,VIBE,VEE,RLC,XDN,DEW,SKY,STORJ,RLC,RLC,BTCD,ANT,STORJ,DEW
109,SKY,PPP,VTC,BCC,STORJ,SPHTX,COB,DEW,VIBE,SPHTX,VEE,XDN,DEW,TNB,BTCD,XPA,SPHTX,ITC,ANT,VTC
110,APPC,SAN,STORJ,NAV,BCO,DEW,VIBE,VTC,UNITY,LEND,TNB,BTCD,TNB,DEW,POE,TNB,SKY,TNB,UBQ,RLC
111,BTX,DEW,RLC,XBY,XPA,TNB,VTC,STORJ,PPP,VTC,DEW,VTC,STORJ,UBQ,DEW,R,UBQ,STORJ,BLOCK,PPP
112,PLR,EDG,QRL,PPP,LEND,RLC,RLC,BCO,VTC,DEW,VTC,VEE,BTCD,BTCD,VTC,SPHTX,ENJ,UBQ,SPHTX,XDN
113,RPX,BCO,STORM,LEND,NAV,ACT,TEL,RLC,STORJ,VEE,BCO,XPA,UNITY,AST,ENJ,ENJ,RLC,BTCD,BTCD,SRN
114,STORJ,ENJ,R,BCO,SAN,PLR,SAN,TEL,BCO,VIBE,UBQ,ACT,VTC,VTC,PPP,BTCD,TNB,VTC,VTC,UBQ
115,POE,MCO,EDG,ENJ,PPP,VTC,PPP,NAV,TNB,BLOCK,SNGLS,VIBE,ACT,BLOCK,BLOCK,XP,PAC,RLC,UNITY,HTML
116,SNGLS,APPC,DBC,VTC,VTC,NAV,ACT,UBQ,RLC,UBQ,PAC,UBQ,BCO,SKY,SKY,HPB,VTC,STORM,DEW,ENJ
117,PPP,POE,POE,STORM,TNB,PPP,UBQ,SAN,SAN,NAV,NAV,BCO,UBQ,BCO,BIX,SKY,HPB,AST,PAC,ZEN
118,NAV,RPX,MCO,STORJ,STORM,SAN,TNB,DTR,NAV,BCO,STORM,OST,BLOCK,ANT,HPB,VTC,AST,UNITY,BIX,SKY
119,CNX,R,DTR,BLOCK,ENJ,LEND,NAV,MCO,LEND,PPP,ENJ,LEND,VEE,ACT,PAC,PAC,ANT,BCO,AST,ITC
120,VTC,BAY,RPX,RPX,BLOCK,INS,BCO,PPP,UBQ,ENJ,LEND,SNGLS,ANT,COB,SAN,DEW,STORM,ENJ,SKY,TNB
121,UTK,TNB,SRN,TNB,HPB,BCO,OST,COB,BLOCK,COB,BLOCK,PAC,LEND,NAV,AST,ANT,XP,DEW,RLC,BIX
122,ENJ,DBC,UBQ,EDG,ACT,ENJ,STORM,BLOCK,DTR,UNITY,SAN,RPX,PPP,SAN,ACT,UNITY,DEW,SPHTX,TNB,MCO
123,DBC,SRN,SAN,DBC,VIBE,DTR,RPX,TNB,ANT,SAN,DTR,ANT,SNGLS,PPP,NAV,AST,BIX,SKY,ENJ,SPHTX
124,VIBE,OST,LEND,SRN,XBY,HPB,LEND,ACT,STORM,TNT,VIBE,STORM,SAN,LEND,LEND,LEND,ITC,BIX,MCO,AST
125,ACT,UBQ,ENJ,RLC,RLC,BLOCK,DTR,STORM,COB,RPX,PPP,NAV,THETA,VEE,ANT,BIX,SAN,PAC,STORM,ACT
126,TNB,XBY,APPC,AST,BIX,STORM,HPB,OST,XCP,DTR,COB,BLOCK,VIBE,MCO,BCO,SAN,ZEN,ZEN,ACT,VEE
127,DEW,ACT,INS,UBQ,DTR,TEL,BCC,BCC,BCC,STORM,ACT,SAN,NAV,SNGLS,MCO,ACT,NAV,ACT,ZEN,STORM
128,BLOCK,ANT,AST,MCO,EDG,BIX,SNGLS,LEND,ENJ,MANA,MCO,THETA,COB,VIBE,VEE,NAV,LEND,VEE,BCO,SAN
129,LEND,LEND,ACT,R,UBQ,UBQ,BLOCK,ENJ,TEL,MCO,RPX,PPP,OST,PAC,COB,SNGLS,ACT,XP,VEE,XP
130,MCO,VIBE,TNB,DTR,SRN,XBY,APPC,HPB,MCO,ANT,XCP,MCO,RPX,DTR,THETA,ITC,UNITY,SAN,DTR,DTR
131,BCO,PPC,XBY,APPC,DBC,OST,ENJ,RPX,SNGLS,SNGLS,ANT,DBC,PAC,OST,VIBE,THETA,MCO,LEND,LEND,SNGLS
132,AST,AST,ANT,OST,R,SRN,XBY,SNGLS,OST,XCP,DBC,DTR,MCO,THETA,SNGLS,MCO,VEE,MCO,NAV,NAV
133,EDG,SNGLS,BCC,HPB,HTML,APPC,AST,APPC,HPB,OST,MANA,MANA,AMB,TEL,DTR,ZEN,COB,DTR,PPC,LEND
134,UBQ,QRL,UTK,INS,AST,MCO,SRN,AST,AST,BCC,EMC2,AMB,TEL,RPX,RPX,COB,BCO,NAV,SAN,AGRS
135,PPC,SNM,SPANK,UTK,MCO,EDG,INS,INS,R,TEL,HTML,AST,DTR,XCP,XCP,VEE,SNGLS,MANA,AGRS,PAC
136,XBY,EMC2,OST,MANA,APPC,AST,DBC,DBC,INS,AST,OST,XCP,DBC,MANA,ITC,VIBE,DTR,SNGLS,THETA,BCO
137,RCN,ATM,PPC,ACT,TEL,DBC,WABI,R,RPX,HTML,AST,UNITY,AST,ZEN,ZEN,BCO,AMB,COB,MANA,MANA
138,BAY,SPANK,SNGLS,WABI,XCP,UNITY,MCO,XCP,WABI,R,APPC,R,MANA,DBC,OST,RPX,RPX,AMB,SNGLS,UNITY
139,R,UNITY,VIBE,QRL,OST,EMC2,BIX,WABI,HTML,EMC2,UKG,INS,HPB,UNITY,DBC,AMB,THETA,THETA,COB,THETA
140,DTR,DTR,ZEN,PPC,PPC,SNGLS,R,XBY,APPC,APPC,XBY,HTML,HTML,AMB,AMB,OST,OST,AGRS,XAS,XAS
141,ANT,TRIG,WABI,VIBE,MANA,XCP,EMC2,PPC,SPANK,INS,SPANK,XAS,APPC,HPB,R,MANA,MANA,RPX,VIBE,AMB
142,SNM,CTR,SNM,SPANK,RPX,R,HTML,HTML,DBC,HPB,BIX,APPC,XAS,XAS,TEL,BAY,VIBE,VIBE,OST,WABI
143,SPANK,UKG,XCP,SNGLS,UTK,MANA,EDG,BAY,XBY,BAY,R,XBY,EMC2,XBY,MANA,XCP,XCP,DBC,AMB,VIBE
144,OST,NLG,DATA,SNM,SNM,HTML,BAY,BIX,BAY,ACT,INS,EMC2,XCP,BAY,EMC2,XAS,HTML,OST,DBC,DBC
145,EMC2,WABI,NLG,QLC,ITC,RPX,INT,EMC2,EMC2,WABI,HPB,HPB,XBY,APPC,UNITY,EMC2,AGRS,XAS,RPX,OST
146,CTR,ADX,BAY,BAY,INS,BAY,MANA,SPANK,MANA,BIX,UNITY,TEL,INS,HTML,SNM,TEL,BAY,BAY,SNM,MDS
147,WABI,XCP,EMC2,XCP,UNITY,ADX,SNM,EDG,ACT,SPANK,BAY,BIX,ZEN,ITC,BAY,DBC,XAS,XCP,DATA,RPX
148,CMT,LBC,CTR,DATA,SNGLS,PPC,UNITY,ANT,PPC,AMB,TEL,BAY,R,EMC2,APPC,HTML,DBC,HTML,BAY,EMC2
149,SRN,NGC,QLC,ZEN,QRL,WABI,ATM,MANA,BIX,DBC,WABI,SNM,UKG,BIX,XAS,DTR,PPC,PPC,XCP,COB
150,XCP,DATA,ADX,NLG,WABI,CTR,SPANK,ION,EDG,XBY,EDG,PPC,BIX,INS,HTML,APPC,SNM,APPC,EMC2,XBY
151,DATA,ETP,ATM,ANT,NULS,ANT,ITC,SNM,ITC,PPC,PPC,SPANK,WABI,WABI,PPC,SNM,TEL,TEL,HTML,XCP
152,ADX,ZEN,UNITY,ATM,SPANK,AMB,PPC,UTK,INT,DATA,AMB,EDG,PPC,UKG,INS,XBY,XBY,EMC2,ADX,PPC
153,WGR,MANA,LBC,EMC2,ANT,SNM,XCP,INT,DATA,EDG,SNM,COB,MDS,ION,WABI,PPC,APPC,SNM,NULS,BAY
154,ZEN,VIA,TRIG,ITC,ZEN,QRL,DNT,ITC,CTR,CTR,THETA,MDS,SNM,R,QRL,WABI,EMC2,DATA,APPC,UTK
155,LBC,WGR,NGC,CND,BAY,ITC,ANT,DATA,SNM,SNM,ADX,WABI,BAY,SNM,MOD,MLN,INS,ADX,XBY,DATA
156,MOD,MOD,MANA,MOD,NLG,ATM,MLN,ADX,AMB,INT,BCC,MOD,ETP,AGRS,AGRS,INS,WABI,INS,WABI,TEL
157,CND,CND,VIA,ADX,ATM,UTK,ADX,MTL,ZEN,MLN,TNT,UKG,MOD,PPC,UKG,UKG,ADX,UKG,BCC,SNM
158,MANA,BURST,CND,NULS,EMC2,ZEN,QRL,MOD,ADX,ADX,CTR,ZEN,ADT,ADX,ADX,ADX,MLN,XBY,MDS,ADX
159,ATM,WINGS,UKG,WGR,ADX,SPANK,AMB,MLN,MLN,ZEN,ZEN,ADX,ADX,MOD,MLN,MOD,INT,NULS,INS,WINGS
160,UKG,EDO,TAU,CTR,QLC,DNT,DATA,AMB,MTL,UKG,DATA,DATA,INT,VIA,CTR,SPANK,MOD,MDS,TEL,INS
161,UNITY,MTL,ITC,HST,DATA,DATA,MOD,ATM,MOD,NLG,MLN,BCC,AGRS,CTR,XBY,QRL,MDS,WABI,XP,APPC
162,TAU,DNT,WGR,LBC,MLN,NULS,CTR,ZEN,NLG,MOD,XAS,TNT,SPANK,INT,EDG,ETP,NULS,ETP,EDG,ETP
163,NLG,1ST,MOD,FUEL,MOD,MLN,UTK,DNT,UTK,NULS,NULS,CTR,CTR,TNT,TNT,AGRS,ION,INT,UKG,NULS
164,VIA,MGO,ETP,VIA,FUEL,LBC,ZEN,QRL,TNT,UTK,MTL,ITC,EDG,EDG,SPANK,CTR,UKG,MLN,MOD,EDG
165,QRL,MLN,NULS,DNT,WGR,NLG,NULS,NLG,QRL,ITC,MOD,AGRS,NULS,ADT,ETP,MDS,SPANK,ION,ETP,CTR
166,ITC,NULS,FUEL,UKG,UKG,MOD,LBC,UNITY,NGC,ATM,QRL,NULS,TNT,QRL,INT,EDG,DATA,EDG,ION,MLN
167,FUEL,PRL,MGO,UNITY,LBC,IOC,UKG,CTR,ATM,MTL,ITC,QRL,DATA,SPANK,NULS,INT,ETP,MOD,INT,INT
168,DNT,PRL,DNT,TRIG,TRIG,FUEL,FUEL,NULS,NULS,QRL,AGRS,MTL,BCC,NULS,DATA,NULS,CTR,CTR,CTR,QRL
169,WINGS,TNT,WINGS,ETP,CTR,UKG,NGC,NGC,DNT,ECA,NLG,MLN,NLG,UTK,VIA,DATA,EDG,FUEL,QRL,BITCNY
170,NULS,UTK,PRL,NGC,PRL,QLC,VIA,RISE,FUEL,FUEL,ECC,NLG,ATM,ETP,ION,LUN,TNT,TNT,MTL,VIA
171,BURST,FUEL,MTL,PRL,VIA,TRIG,TRIG,MDS,ETP,NGC,INT,ECA,QRL,DATA,UTK,TNT,UTK,QRL,ECA,NLG
172,ETP,AMB,BURST,HVN,DNT,INT,ETP,FUEL,ION,DNT,THC,FUEL,MLN,MDS,CAPP,VIA,QRL,NGC,VIA,TKN
173,MLN,AGRS,AMB,BURST,BURST,VIA,QLC,LBC,RISE,AGRS,FUEL,DIME,ITC,MLN,FUEL,UTK,ECA,SPANK,MLN,MOD
174,AMB,HVN,MLN,MGO,WINGS,MTL,NLG,QLC,UKG,ETP,ECA,ETP,BRD,DNT,LBC,ION,FUEL,UTK,UTK,UKG
175,1ST,THC,HST,WINGS,ETP,WGR,IOC,UKG,ECA,LBC,NGC,INT,ION,LBC,CDT,ADT,CAPP,LBC,NLG,MTL
176,NGC,TAU,HVN,AMB,TAU,ECA,ECA,AGRS,AGRS,VIA,WINGS,ATM,ECC,FUEL,LUN,FUEL,EDO,ECA,LBC,TNT
177,SAFEX,RISE,XAS,MLN,HST,CDT,PRL,ECA,WINGS,RISE,UTK,BRD,FUEL,MTL,ADT,LBC,MTL,EDO,TRIG,LBC
178,PRL,BRD,CLOAK,TAU,NGC,WINGS,MTL,TRIG,LBC,XAS,DNT,DNT,MTL,ATM,MDS,CDT,CDT,MTL,NGC,ION
179,PRL,ITC,TNT,AGRS,INT,NGC,WGR,CLOAK,MDS,WINGS,VIA,HST,DNT,ECA,DNT,DNT,LUN,ATM,FUEL,SPANK
180,PRL,IOC,RISE,BRD,ECA,AGRS,WINGS,VIA,VIA,TRIG,WGR,WINGS,ECA,QLC,VIB,MTL,VIA,BCC,TNT,NGC
181,BRD,VOX,1ST,THC,AMB,BRD,AGRS,ETP,TRIG,WGR,ETP,VIA,UTK,BCC,NLG,CAPP,LBC,VIA,EDO,EDO
182,VOX,XAS,EDO,RISE,MGO,PRL,THC,WINGS,QLC,PRL,QLC,NGC,WINGS,NLG,MTL,DCT,DNT,ADT,BITCNY,BCC
183,XAS,CLOAK,AGRS,EDO,RISE,RISE,RISE,THC,XAS,QLC,LBC,UTK,CDT,BRD,WINGS,NLG,BRD,BRD,SPANK,FUEL
184,AGRS,DCT,BRD,CLOAK,HVN,ETP,BURST,WGR,WGR,CAPP,ATM,THC,QLC,WINGS,BRD,BURST,BURST,DNT,BRD,BRD
185,RISE,CDT,COSS,TNT,AGRS,BURST,BRD,BURST,BURST,BURST,MDS,WGR,LBC,CDT,RISE,WINGS,WINGS,BURST,WINGS,ECA
186,EDO,CFI,THC,XAS,THC,MGO,CDT,PRL,BDG,CDT,RISE,LBC,HST,LUN,GVT,ECA,ADT,CDT,CDT,TRIG
187,THC,TRST,MNX,1ST,BRD,HVN,MGO,IOC,CLOAK,BDG,BURST,DCT,VIA,DCT,BURST,BRD,GVT,CAPP,DNT,DNT
188,COSS,AEON,LKK,MTL,MTL,EDO,DCT,XAS,THC,THETA,TRIG,QLC,PRL,RISE,1ST,RISE,NLG,WINGS,PRL,CDT
189,HVN,MNX,DCT,GTO,1ST,TAU,EDO,MGO,BRD,MDS,DCT,TRIG,NGC,CAPP,DCT,VOX,RISE,NLG,BURST,BURST
190,CLOAK,COSS,IOC,MNX,XAS,HGT,TNT,BDG,IOC,ION,CDT,CDT,RISE,BURST,QLC,GVT,LKK,LUN,GVT,GVT
191,DCT,GTO,TRST,TRST,EDO,THC,XAS,BRD,CAPP,BRD,BRD,RISE,WGR,NGC,ECA,ATM,NGC,GVT,ATM,WGR
192,GTO,PRS,MDS,GRID,CLOAK,TNT,HVN,EDO,PRL,IOC,HST,ECC,BURST,CLOAK,GRS,1ST,ECN,TKN,TKN,CAPP
193,GRID,NMC,VOX,IXT,MNX,HST,1ST,HST,CDT,ECC,CLOAK,BURST,1ST,WGR,ATM,QLC,TKN,DCT,LKK,QLC
194,LUN,SLS,PURA,DCT,IOC,1ST,HST,CDT,MGO,MGO,LUN,CLOAK,THC,HST,CLOAK,VIB,HST,HST,HST,ATM
195,TRST,IXT,SHIFT,MOON,CDT,XAS,LUN,TNT,EDO,CLOAK,MGO,MGO,DCT,TRIG,HST,HST,CLOAK,BITCNY,SLS,LKK
196,MGO,LUN,AEON,GVT,TNT,CLOAK,TAU,DCT,HST,THC,PRL,LUN,CLOAK,PRL,MTH,CLOAK,BITCNY,SLS,AEON,SLS
197,MTL,VOISE,GTO,LUN,FLASH,GRS,CLOAK,TAU,MNX,DCT,HVN,CAPP,TRIG,GVT,TRIG,NGC,DCT,GRID,CAPP,ADT
198,TRIG,SHIFT,GRID,ADT,GTO,LUN,HGT,HGT,HVN,TRST,IOC,GRS,MGO,1ST,EDO,TKN,GRID,DPY,ADT,GRID
199,VOISE,GRS,CDT,AEON,IXT,GTO,GVT,HVN,LKK,HST,TRST,EDO,GTO,EDO,BDG,LKK,MGO,LKK,QLC,PRL
200,IXT,JINN,NMC,IOC,DCT,DCT,GTO,1ST,ADT,TAU,CAPP,1ST,HVN,MGO,GRID,GRS,ATM,CLOAK,WGR,DCT
201,AEON,FTC,GVT,PURA,TRST,AEON,AEON,LUN,DCT,EDO,ION,HVN,AEON,ECC,TKN,EDO,VOX,RISE,PURA,PURA
202,CDT,INK,SAFEX,VOX,LUN,GRID,SAFEX,SLS,1ST,GTO,EDO,IOC,EDO,THC,MGO,SLS,WGR,AEON,ECC,LUN
203,NMC,PURA,CFI,MDS,VOX,DLT,GRS,AEON,KEY,HVN,MER,TRST,LUN,AEON,PRL,TRIG,SLS,1ST,DCT,DAT
204,TNT,GVT,LUN,LKK,GRID,MDS,DIME,GVT,LUN,MNX,1ST,PRL,CAPP,LKK,LKK,MGO,QLC,MGO,1ST,TAAS
205,GVT,TAAS,TAAS,MTH,LKK,SLS,MOON,LKK,GVT,LUN,GVT,MER,SLS,GTO,BCC,MER,TRIG,VIB,LUN,ECC
206,HST,TKN,PAYX,SHIFT,COSS,MOON,ECC,VOX,GTO,LKK,DLT,AEON,TAU,TKN,NGC,DPY,DPY,VOX,GRID,1ST
207,SHIFT,HST,XNN,CDT,EVX,MER,ION,ECC,TAU,1ST,BDG,SLS,IOC,SLS,VOX,GRID,VIB,QLC,INK,MNX
208,CFI,VIB,TKN,TIO,XSH,GVT,DLT,GTO,ECC,GRS,AEON,IXT,GRS,GRS,AEON,SHIFT,1ST,TRIG,SXDT,HST
209,GRS,XSPEC,BITCNY,TKN,AEON,CFI,VOX,GRID,JINN,COSS,GTO,ION,MER,GRID,WGR,WGR,AEON,GRS,MGO,CRW
210,MOON,DLT,GRS,COSS,GVT,MNX,INK,MNX,GRID,GVT,GRS,GTO,GRID,MER,MER,AEON,GRS,ECC,DPY,DPY
211,INK,XSH,LA,TAAS,MDS,VOX,MNX,GRS,SLS,GRID,SHIFT,XSPEC,TRST,INK,GTO,PRL,HVN,PURA,TAAS,INK
212,XSH,GUP,FTC,CFI,CFI,EVX,TKN,SAFEX,VOX,AEON,SLS,DLT,LKK,SHIFT,SLS,GTO,PAYX,HVN,VIB,AEON
213,PRS,LKK,FLASH,GRS,NMC,FLASH,IXT,CFI,AEON,VOX,GRID,TAU,INK,IOC,IOC,BDG,ECC,PAYX,RISE,MER
214,FTC,GRID,PRS,PRS,SAFEX,TRST,CFI,MER,GRS,ADT,MNX,INK,DLT,TRST,SHIFT,IOC,PURA,INK,CLOAK,COSS
215,LA,MOON,DAT,DLT,SLS,IXT,MDS,DLT,PURA,KEY,LKK,MOON,MNX,KEY,DPY,CFI,PRL,DAT,DAT,SXDT
216,DLT,SAFEX,IXT,NMC,ADT,COSS,MER,TKN,DLT,SLS,MOON,GRID,TKN,DLT,HVN,PURA,TAAS,MER,MNX,CLOAK
217,MTH,FLASH,SLS,XNN,TAAS,MTH,MTH,TAAS,CFI,EVX,TAAS,LKK,KEY,MNX,COSS,BCC,BCC,PRL,CRW,PAYX
218,VIB,XWC,VOISE,SAFEX,PURA,NMC,SHIFT,MOON,TRST,DLT,KRM,GVT,GVT,VIB,INK,THC,COSS,SXDT,GRS,MGO
219,PURA,EVX,SNOV,XSH,GRS,LKK,EVX,PAYX,TAAS,MER,TKN,SHIFT,XSPEC,VOX,LA,BITCNY,CFI,THC,COSS,VIB
220,TKN,HMQ,MTH,XSPEC,SHIFT,WRC,LKK,SHIFT,MER,CFI,CFI,TAAS,CRW,BDG,KEY,MNX,INK,SWFTC,NMC,GTO
221,SLS,MTH,XSPEC,LA,MTH,PRS,TRST,NMC,INK,PURA,VOX,MNX,COSS,TAU,XSPEC,COSS,SHIFT,COSS,VOX,BDG
222,IOC,AMP,JINN,FTC,MOON,SHIFT,GRID,TRST,IXT,IXT,IXT,TKN,SHIFT,TAAS,MNX,INK,GTO,SHIFT,HVN,THC
223,SLR,DAT,ECC,FLASH,TKN,PURA,WRC,DIME,PEPECASH,SHIFT,COSS,CFI,VOX,COSS,CFI,EVX,MER,BDG,THC,HVN
224,SNOV,YOYOW,PEPECASH,DPY,FTC,TAAS,SLS,PURA,PAYX,TAAS,DAT,ADT,TAAS,XSPEC,ECC,KEY,SXDT,MNX,TIO,TIO
225,TAAS,ADT,VIB,EVX,DAT,FTC,NMC,EVX,EVX,JINN,TAU,KEY,EVX,PURA,THC,CRW,MNX,TIO,MER,GRS
226,DIME,SLR,CRW,DRT,DLT,ECC,TAAS,CRW,SAFEX,INK,CRW,DAT,IXT,CFI,DLT,HVN,NMC,GTO,SHIFT,SHIFT
227,GUP,DRT,EVX,SLS,WRC,ADT,FTC,MTH,CRW,CRW,EVX,BDG,BITCNY,KRM,TAAS,IXT,TSL,TRST,PAYX,NMC
228,MNX,WRC,BLT,SNOV,TIO,SAFEX,COSS,INK,KRM,TKN,ADT,PURA,DIME,HVN,PURA,XSPEC,SWFTC,WGR,SWFTC,VOX
229,YOYOW,ECC,SLR,PAYX,JINN,CRW,CRW,XSH,HGT,SAFEX,PURA,KRM,DAT,CRW,EVX,MTH,IOC,CFI,IOC,IOC
230,XSPEC,LA,XSH,INK,PAYX,TIO,PURA,PRS,SHIFT,NMC,INK,EVX,BDG,DIME,TIX,TRST,DAT,IOC,GTO,SWFTC
231,NKA,DPY,DLT,NVST,ECC,XSH,FLASH,XSPEC,DIME,DIME,JINN,VOX,PURA,BITCNY,TRST,TIX,BDG,NMC,BDG,KEY
232,WRC,PEPECASH,WRC,WRC,VIB,YOYOW,TIO,PEPECASH,NMC,PEPECASH,NMC,CRW,DPY,EVX,IXT,DLT,DLT,KRM,SAFEX,CFI
233,DPY,PASC,DMD,VIB,CRW,INK,JINN,FTC,NVST,TIO,DIME,DPY,CFI,TIX,DAT,TAAS,EVX,DLT,TRST,SAFEX
234,LKK,POT,MOON,BLT,SNOV,VIB,ADT,ADT,TKN,KRM,PAYX,COSS,PAYX,DPY,BITCNY,TSL,CRW,JINN,EVX,YOYOW
235,EVX,PAYX,HMQ,DAT,XSPEC,JINN,XSPEC,JINN,MTH,MOON,WRC,PAYX,TIX,DAT,PAYX,JINN,TIO,MTH,KRM,KRM
236,PASC,MER,ORME,SLR,LA,VOISE,VOISE,SBD,DAT,HGT,PEPECASH,PEPECASH,PRO,WRC,TIO,PAYX,THC,TSL,TIX,MTH
237,ADT,PHR,NVST,CRW,INK,XSPEC,VIB,VIB,FTC,FTC,KEY,JINN,WRC,PRO,CRW,NMC,XSPEC,CRW,MTH,XSPEC
238,HMQ,CRW,PASC,VOISE,PRS,DAT,PEPECASH,TIO,BITCNY,PAYX,XSPEC,PRO,NMC,IXT,HMQ,TIO,MTH,TAAS,FTC,SNC
239,JINN,DMD,POT,YOYOW,SLR,DIME,YOYOW,FLASH,VOISE,FLASH,BITCNY,BITCNY,TIO,NMC,YOYOW,DAT,JINN,DIME,DLT,EVX
240,FLASH,ZSC,INK,SNC,NVST,PAYX,XSH,WRC,XSPEC,MTH,FTC,NMC,DNA,YOYOW,TAU,ECC,TRST,EVX,TSL,PEPECASH
241,DAT,XEL,XEL,GUP,MER,PEPECASH,DAT,IXT,FLASH,BITCNY,VIB,TIO,VIB,TIO,NMC,WRC,KRM,YOYOW,CFI,TRST
242,AMP,MSP,YOYOW,MSP,VOISE,DPY,PRS,VOISE,DPY,VIB,TIX,VIB,MOON,PAYX,DIME,HMQ,KEY,HMQ,TAU,DLT
243,ECC,SIB,MSP,DMD,BLT,VRC,GRE,BITCNY,WRC,XSPEC,TIO,SAFEX,SXDT,SXDT,SAFEX,LA,YOYOW,ECN,YOYOW,ZSC
244,MDA,DOVU,XWC,XWC,DMD,TKN,LA,YOYOW,MOON,DPY,DPY,MTH,YOYOW,FTC,FTC,FLASH,FTC,TAU,XSPEC,TIX
245,XEL,BITCNY,ADT,ECC,GUP,MSP,DPY,NSR,VIB,YOYOW,SAFEX,TIX,FTC,VRC,KRM,DIME,WRC,WRC,KEY,FTC
246,POT,ONION,DBIX,HMQ,HMQ,XEL,TIX,LA,YOYOW,TIX,YOYOW,FTC,MTH,POT,SXDT,DRT,IXT,DMD,POT,POT
247,PEPECASH,DBIX,AMP,PEPECASH,POT,GUP,NEU,COSS,TIO,DAT,MTH,YOYOW,SAFEX,MTH,WRC,KRM,PEPECASH,KEY,DMD,TSL
248,ZSC,BLK,SIB,POT,NEU,LA,HMQ,DAT,HMQ,WRC,SBD,WRC,SBD,HGT,SBD,YOYOW,TIX,PEPECASH,ZSC,FLASH
249,PAYX,ION,NLC2,PASC,MSP,NEU,XEL,POT,XSH,XSH,FLASH,SBD,POT,PEPECASH,JINN,TAU,DIME,TIX,DRT,DMD
250,FAIR,DIME,DOVU,ONION,PEPECASH,DMD,POT,DPY,COSS,SBD,HMQ,POT,HMQ,DNA,VRC,FTC,MOON,SAFEX,WRC,NLC2
251,DMD,NLC2,ION,ION,YOYOW,HMQ,PASC,TIX,POT,POT,PPY,HMQ,PEPECASH,SAFEX,PRO,SBD,HMQ,XSPEC,SIB,SIB
252,DRT,TIX,GUP,ORME,SNC,BLT,PAYX,DNA,SBD,HMQ,POT,VRC,PPY,MOON,DNA,SXDT,DRT,SNC,HMQ,WRC
253,BITCNY,EXP,ONION,BITCNY,DPY,POT,MSP,SIB,LA,DMD,DMD,SXDT,VRC,HMQ,POT,VRC,POT,POT,LA,SBD
254,MER,DNA,ZSC,XEL,XWC,PASC,GUP,HMQ,NSR,LA,AMP,DNA,DMD,SBD,XSH,SAFEX,DMD,FTC,NSR,LA
255,BLK,SNOV,MER,ZSC,XEL,SNC,SNOV,NEU,SNOV,PPY,MSP,DMD,JINN,DMD,DMD,PRO,TAU,FLASH,SBD,VRC
256,MSP,MDA,DPY,MER,ONION,SNOV,VRC,PASC,PASC,XWC,SIB,SIB,FLASH,SIB,SIB,MOON,SIB,SIB,XWC,TAU
257,ION,NYC,BLK,AMP,SIB,ION,DMD,DMD,PPY,GUP,XEL,ZSC,MSP,FLASH,PEPECASH,PEPECASH,VRC,SBD,JINN,HMQ
258,NLC2,GOLOS,ECN,DIVX,DIME,DNA,AMP,GUP,XWC,SIB,XSH,FLASH,KRM,XSH,MOON,POT,SAFEX,LA,DIME,DRT
259,NET,NSR,PHR,PHR,AMP,SIB,ONION,XEL,SIB,NEU,ONION,DRT,SIB,AMP,HGT,SIB,LA,IXT,AMP,MOON
260,CRW,GRC,DIVX,NLC2,ION,TIX,DNA,SNOV,XEL,PASC,NSR,MSP,PASC,ECN,ECN,DMD,DNA,VRC,VRC,JINN
261,GRC,VRC,DRT,SIB,BITCNY,AMP,BCPT,MSP,TIX,XEL,ZSC,HGT,LA,LA,ZSC,DNA,FLASH,MOON,SNC,XWC
262,SIB,SNC,POLL,NSR,PASC,SLR,SIB,RVT,DMD,PRO,LA,AMP,ZSC,JINN,MSP,GUP,NSR,DRT,FLASH,DIME
263,TIX,BOT,TIX,BLK,BLK,XWC,SBD,VRC,NEU,NVST,HGT,XEL,AMP,PASC,XEL,NSR,PRO,NSR,PRO,AMP
264,ONION,ORME,SNC,BNTY,NSR,ONION,SLR,DIVX,GUP,VOISE,XWC,XSH,XWC,XEL,PASC,XEL,NEU,ZSC,MOT,PRO
265,VRC,POLL,DNA,DIME,BNTY,BITCNY,NSR,MDA,RVT,NSR,GUP,XWC,MDA,DRT,AMP,XWC,SBD,PRO,MOON,MDA
266,DNA,NMR,EXP,NEU,NYC,BNTY,MDA,SLR,XNN,AMP,PASC,ONION,XEL,ZSC,NEU,AMP,AMP,NEU,MDA,MOT
267,EXP,AIR,NSR,AIR,VRC,EXP,BLK,AMP,AMP,MSP,NEU,NEU,GUP,BCPT,FLASH,PASC,XWC,XWC,BOT,XSH
268,NMR,NEU,AIR,NYC,ART,NYC,EXP,BLT,DNA,VRC,SWT,GUP,NEU,MSP,XWC,XSH,GUP,AMP,NEU,NEU
269,BOT,PND,PPY,DBIX,ORME,BCPT,XWC,PPY,ONION,RVT,DRT,LA,BCPT,NEU,BCPT,NEU,ZSC,BOT,ORME,BOT
270,PHR,XNN,BOT,PND,TIX,BLK,DIVX,DRT,MSP,ONION,DNA,SLR,NSR,GUP,GUP,MOT,SNC,GUP,NLC2,MSP
271,SNC,RVT,VRC,VRC,ZSC,RVT,BITCNY,BLK,ORME,DNA,VRC,PASC,BNTY,NLC2,BOT,HGT,PASC,MOT,OTN,XEL
272,AIR,RBY,NMR,DOVU,DRT,DIVX,BOT,KRM,DIVX,ZSC,SLR,NSR,ONION,XWC,NVST,MSP,MSP,MDA,QUN,POSW
273,NEU,DIVX,CREDO,RVT,NMR,NVST,BNTY,BCPT,VRC,PST,MDA,BCPT,POSW,PPY,BLK,ZSC,BOT,DNA,PASC,ORME
274,ART,PPY,MDA,JINN,MINT,MDA,BLT,XWC,BCPT,BCPT,BCPT,PPY,SNOV,SNOV,PPY,BCPT,MDA,WILD,XSH,OTN
275,PRO,NEOS,ART,GRC,XMY,NMR,NLC2,ONION,EXP,SNOV,BLK,BLK,SLR,NSR,SNOV,MDA,MOT,XSH,PEPECASH,PASC
276,XMY,BNTY,ARN,CREDO,PND,ARN,SNC,EXP,MDA,SLR,DIVX,MDA,NLC2,MDA,BBR,BOT,POSW,ONION,HGT,IXT
277,DIVX,AC,GRC,TIX,GOLOS,DRT,DRT,XNN,SLR,BLK,PRO,PST,XSH,POSW,ARN,BLK,XEL,BCPT,XEL,RISE
278,BNTY,STX,RVT,EXP,AIR,AIR,RVT,ORME,DRT,SNC,RVT,GOLOS,SNC,OTN,NLC2,NLC2,XSH,PASC,GUP,PPY
279,NYC,OK,DIME,ECN,GRC,NSR,ORME,BNTY,BLK,MDA,SNC,RVT,BLK,BLK,MDA,NVST,HGT,HGT,ONION,UNO
280,GOLOS,XMY,NYC,BOT,DBIX,ZSC,STX,ZSC,SNC,DIVX,GRC,EXP,GRC,GRC,POSW,POSW,BCPT,XEL,MSP,BBR
281,POLL,NXC,NEU,MDA,NLC2,ORME,PPY,NLC2,ZSC,ORME,ECN,GRC,DRT,RVT,GRC,ARN,NLC2,ORME,BCPT,QUN
282,CREDO,BITB,GOLOS,NMR,XNN,GRC,NMR,GRC,GRC,EXP,SNOV,NLC2,GET,ONION,EXP,SNC,ART,POSW,POSW,HGT
283,BITB,IFT,BNTY,DNA,DIVX,PPY,GRC,ARN,NMR,GRC,EXP,SNC,PST,BOT,OTN,EXP,ARN,MSP,BLK,GUP
284,NSR,ART,BIS,GOLOS,PHR,ART,ARN,STX,BNTY,BNTY,ORME,STX,BBR,SNC,STX,GRC,ONION,ARN,LEO,BCPT
285,LIFE,MUE,RADS,XMY,OMNI,NLC2,ZOI,SNC,PRO,DRT,PHR,SWT,ORME,SLR,NMR,BBR,AIR,NLC2,PPY,LEO
286,RVT,RADS,ALQO,ARN,EXP,XNN,ZSC,BCAP,STX,NMR,NMR,POSW,BOT,NMR,SNC,RADS,BLK,OTN,IXT,GOLOS
287,XWC,BIS,RC,ART,MDA,XMY,AIR,BOT,NLC2,AIR,NVST,BOT,STX,GOLOS,ONION,GOLOS,PPY,BLK,SLR,DNA
288,PPY,CREDO,PND,TGT,BIS,PGL,GOLOS,NYC,BOT,ART,NLC2,XNN,HGT,MUE,DRT,PPY,GRC,ART,DNA,BCAP
289,NEOS,ALQO,DBET,BCPT,DOVU,BOT,PND,ART,ARN,BOT,BOT,NMR,VOISE,BNTY,SLR,OTN,SLR,BBR,STX,GRC
290,PND,XRL,STX,STX,ARN,GOLOS,XMY,BSD,PHR,STX,ARN,BBR,ARN,EXP,RVT,STX,BBR,VIU,ARN,AIR
291,RADS,ATB,OK,BITB,NEOS,PND,NYC,XMY,EBTC,NLC2,STX,ART,EXP,ARN,NSR,NMR,STX,STX,GRC,ECN
292,XNN,DTB,ATB,ALQO,BITB,DOVU,XNN,OK,RADS,ARN,BNTY,ARN,GOLOS,STX,GOLOS,SWT,PHR,GRC,BBR,STX
293,STX,OMNI,BITB,MINT,DNA,PHR,ART,PRO,ART,COLX,PST,VOISE,NMR,PHR,RADS,SNOV,EXP,SLR,SNOV,BLK
294,OMNI,OTN,XRL,OK,BOT,OMNI,PHR,PHR,OK,XMY,COLX,RADS,RADS,RADS,BNTY,ONION,PST,PST,ART,PHR
295,DBIX,DBET,MUE,AIX,ATB,DBIX,TGT,NMR,XMY,PHR,OK,PHR,PHR,SWT,ORME,VOISE,VOISE,EXP,EXP,ARN
296,BIS,FLO,RBY,PPY,CREDO,BITB,OK,RBY,LEO,RADS,AIR,BNTY,RVT,ORME,ART,VIU,OTN,QUN,MYB,SLR
297,ARN,BCPT,PTOY,RADS,BMC,RBY,RADS,RADS,PND,OK,XMY,DIVX,DIVX,OMNI,SWT,SLR,VIU,OK,NMR,NMR
298,BCPT,PTOY,ELIX,RBY,BCPT,NEOS,MUE,AIR,AIR,PND,XNN,SNOV,SWT,NVST,VOISE,PHR,RADS,AIR,OK,CREDO
299,ORME,HDG,BCPT,ZOI,RBY,SBD,ALIS,NVST,ALIS,EBTC,ART,ORME,ECN,OK,MUE,OAX,NMR,PHR,AIR,ONION
300,LINDA,ALIS,TGT,ATB,ECN,STX,OMNI,OMNI,NYC,XNN,POSW,OAX,XMY,BCAP,GET,ORME,GOLOS,PPY,ECN,EXP
301,ELIX,BLUE,OTN,BIS,STX,BMC,CREDO,PND,CREDO,ALIS,NTRN,NEOS,XNN,XMY,PHR,MUE,SNOV,NMR,NYC,OK
302,MUE,KICK,LIFE,HDG,RADS,RADS,OAX,ALIS,LUX,GOLOS,RADS,EBTC,OAX,OAX,OAX,OK,ORME,RADS,VIU,NSR
303,IFT,KLC,NXC,DBET,IFT,MINT,BITB,ATB,ATB,CREDO,OTN,OK,EBTC,VOISE,OMNI,OMNI,NYC,MYB,UNO,MYB
304,DOVU,SBD,NEOS,OMNI,RVT,CREDO,NEOS,GOLOS,B2B,POSW,MUE,MUE,IFT,BBR,OK,GAM,OMNI,NVST,GOLOS,VIU
305,RBY,BCAP,XMY,MUE,TGT,ALIS,ATB,LEO,MUE,MUE,OMNI,AIR,MUE,PST,PST,LEO,TGT,OAX,MUE,RADS
306,SBD,ECN,MYB,POLL,MUE,OK,IFT,MUE,BCAP,BIS,GOLOS,ATB,TGT,PKT,NEOS,NEOS,MUE,MUE,PST,SNOV
307,OK,PRG,OMNI,NEOS,OK,ATB,BMC,CREDO,RBY,ATB,NEOS,TGT,OK,GAM,PKT,CSNO,RVT,OMNI,RADS,OMNI
308,OAX,LIFE,BQ,COLX,ALIS,MUE,RBY,MINT,NTRN,NXC,ALIS,RBY,HUSH,ART,XMY,TGT,OK,SNOV,SWT,MUE
309,DTB,BCY,IFT,BLUE,HDG,LINDA,BIS,LUX,BIS,LIFE,TGT,COLX,NVST,CSNO,NXC,XMY,NVST,LEO,WILD,BITUSD
310,LMC,CAG,PKT,ALIS,LINDA,BIS,LINDA,DBIX,GOLOS,NTRN,PND,ECN,BCAP,BMC,BMC,PST,OAX,EBTC,PRG,PST
311,XRL,MYB,HUSH,HUSH,PPY,IFT,EBTC,BMC,OMNI,RBY,NXC,XMY,GAM,GET,CSNO,BNTY,BCAP,NYC,PHR,ART
312,TIPS,OAX,OXY,LIFE,AIX,OAX,DBIX,NEOS,POSW,OMNI,LEO,NTRN,BITB,NEOS,LEO,RVT,LEO,CREDO,OAX,PRG
313,BLUE,ARN,ALIS,BMC,PRG,HUSH,LIFE,OAX,BITB,TGT,RBY,OMNI,NEOS,TGT,HUSH,BMC,SWT,GOLOS,OMNI,NVST
314,TGT,ELIX,KICK,OTN,ZOI,DBET,NVST,NTRN,TGT,OTN,OAX,BMC,AIR,NXC,AIR,NXC,BMC,SWT,TGT,SWT
315,OTN,POSW,BITUSD,PKT,DBET,NXC,LEO,BITB,DBET,BITB,EBTC,ALIS,OMNI,BITB,HDG,ALIS,BNTY,XMY,CSNO,PKT
316,DBET,BMC,BLUE,NTRN,BCAP,LIFE,NXC,TGT,PKT,OAX,BITB,ODN,NXC,ALIS,PRG,EBTC,NEOS,BNTY,BITUSD,OCT
317,HDG,LMC,POSW,PBL,HUSH,BLUE,DBET,POLL,LIFE,NEOS,BMC,NVST,BMC,CREDO,BITB,BCAP,LIFE,VOISE,PKT,TGT
318,ATB,LINDA,PRG,LINDA,BLUE,PKT,PKT,EBTC,NXC,ICOS,CREDO,LEO,RBY,AIR,GAM,ECN,PRG,RVT,ZOI,RVT
319,PTOY,PKT,CRED,NXC,NXC,LEO,POSW,LINDA,OAX,IFT,DBIX,NXC,LEO,LIFE,RBY,RBY,MYB,RBY,RBY,OAX
320,COLX,CRED,COLX,XRL,OTN,DTB,HUSH,NXC,NEOS,LINDA,BBR,HDG,PRG,LEO,BCAP,PKT,CSNO,UNO,VOISE,XMY
321,NXC,SWT,CAG,IFT,LIFE,POSW,PBL,POSW,COLX,SWT,VOISE,BIS,LIFE,RBY,ZOI,BITB,GAM,NEOS,BCAP,BNTY
322,ALQO,TIPS,BMC,SPF,PKT,KICK,MINT,IFT,MINT,LUX,QUN,OTN,OTN,DIVX,ALIS,NYC,ZOI,CSNO,XMY,DBET
323,BCAP,INCNT,SBD,ELIX,POSW,OTN,QUN,OCT,OTN,LEO,IFT,QUN,ART,HUSH,PND,BSD,NXC,BCAP,LIFE,WCT
324,MYB,ENRG,LEO,BBR,LEO,PRG,OTN,OTN,DBIX,ZOI,BCAP,NYC,PND,EBTC,NYC,ZOI,XMY,PKT,RVT,XAUR
325,SWT,GCR,AC,GMT,KICK,TGT,DOVU,DBET,IFT,INCNT,GET,BITB,PTOY,PTOY,PTOY,ART,UNO,NXC,BSD,LUX
326,PKT,ODN,FLO,BQ,LCT,ZOI,AIX,FLO,DOVU,BMC,PKT,GET,QUN,MYB,OXY,HUSH,LUX,PRG,NXC,BLUE
327,ECN,TGT,LINDA,KICK,SBD,PTOY,LUX,DOVU,PRG,UNO,INCNT,BCAP,AVT,REC,BSD,LUX,RBY,BMC,BMC,CSNO
328,LOC,COLX,DTB,WCT,NTRN,QUN,KICK,PKT,BMC,PRG,ZOI,DBIX,NYC,COLX,KICK,PRG,EBTC,KLC,PLU,ZOI
329,FLO,NTRN,ZOI,OCT,ENRG,FLO,PTOY,PBL,BBR,DOVU,UNO,PRG,ALIS,DTB,TGT,REC,KICK,BSD,NVST,ECOB
330,POSW,CLAM,SOAR,POSW,ELIX,LUX,BLUE,KICK,PTOY,TIME,LINDA,ZOI,COLX,AIX,MYB,KICK,BSD,TGT,EBTC,RBY
331,CAT,GBX,HDG,PTOY,OAX,CVCOIN,FLO,UNO,UNO,BBR,LUX,BSD,DBIX,OXY,DTB,DBIX,PLU,ZOI,BNTY,SOAR
332,INCNT,BWK,XAUR,GBX,CRED,SWT,INCNT,HUSH,HUSH,PFR,HDG,GAM,CREDO,ZOI,CREDO,PTOY,PKT,LUX,LUX,NEOS
333,ALIS,FLDC,ODN,LEO,DTB,GBX,NTRN,ZOI,HDG,HDG,ATB,PND,AIX,BSD,UNO,UNO,PND,GAM,SOAR,LMC
334,ENRG,HEAT,BCAP,TIPS,PTOY,MYB,PRG,PRG,BLUE,NYC,BIS,DBET,UNO,AVT,OCT,MYB,CREDO,KICK,XRL,BITB
335,FLIXX,SOAR,SWT,FLO,OXY,LOC,XRL,TIME,LINDA,DBET,ICOS,KICK,HDG,XNN,COLX,ENRG,GET,BITB,KICK,NXC
336,FLDC,ICOS,ENRG,LMC,PBL,BCY,BCY,MYB,POLL,PKT,TIME,BLUE,ZOI,UNO,IFT,CREDO,BITB,OCT,GAM,SXUT
337,PRG,LUX,SPF,SBD,FLO,ODN,COLX,COLX,TIME,KICK,BLUE,UNO,WCT,DBIX,WCT,BLUE,ENRG,ENRG,HDG,VOISE
338,CRED,BQ,OAX,OXY,COLX,HDG,HDG,HDG,PFR,MINT,PRG,LUX,MYB,PRG,BIS,COLX,HDG,DBIX,OCT,KICK
339,MUSIC,OXY,LMC,CRED,QUN,INCNT,MYB,ENRG,KICK,FLO,KICK,CREDO,BSD,INCNT,EBTC,DTB,XRL,SOAR,WCT,BMC
340,PBL,MUSIC,ICOS,RC,LMC,COVAL,DTB,NIO,SWT,HUSH,MINT,PTOY,KICK,PND,SOAR,HDG,PTOY,WCT,NEOS,DICE
341,PIRL,ABY,MINT,DTB,HGT,AIX,ELIX,PFR,FLO,XRL,HUSH,WCT,PKT,BLUE,AVT,OCT,DBIX,PTOY,CLAM,PLU
342,BCY,WCT,ONG,LUX,GBX,SOAR,PFR,SOAR,OCT,PTOY,FLO,PKT,BIS,IFT,LUX,WCT,WCT,CLAM,DICE,ENRG
343,KICK,GAM,INCNT,OAX,ODN,ENRG,OCT,DTB,BSD,POLIS,WCT,INCNT,LUX,KICK,XRL,QUN,SOAR,BITUSD,SXUT,UNIT
344,GBX,COVAL,BBR,MYB,QAU,BQ,SWT,XRL,LMC,OCT,DBET,LINDA,CSNO,HDG,XPM,CLAM,ATB,DOVU,XNN,XPM
345,MINT,PLBT,LUX,ODN,MYB,COLX,TIME,BLUE,SOAR,DBIX,PTOY,HUSH,XPM,WCT,ENRG,PND,ALIS,HDG,BITB,PLBT
346,BBR,PST,PIRL,BITUSD,SWT,FLDC,LMC,OXY,PBL,POLL,PFR,VSX,ATB,BIS,HEAT,SOAR,OXY,BLUE,BLUE,COLX
347,HEAT,PBL,WCT,ICOS,FLIXX,LMC,POLIS,SEQ,ZOI,LMC,OCT,CLAM,INCNT,XPM,BLUE,XPM,BLUE,PLU,RNT,BSD
348,GCR,XMCC,MUSIC,SEQ,CLAM,XAUR,OXY,PTOY,PLBT,MYB,LMC,DTB,ICOS,NTRN,FLO,OXY,XNN,XRL,KLC,GAM
349,BWK,LEO,GMT,SOAR,CSNO,ELIX,BCAP,SWT,WCT,SOAR,ENRG,SOAR,DTB,LUX,DBIX,LMC,BITUSD,NIO,ALIS,EBTC
350,ONG,MINT,FLDC,XAUR,COVAL,XRL,SOAR,AIX,SEQ,WCT,DTB,FLO,BLUE,DICE,QUN,AVT,CLAM,XPM,XPM,IFT
351,SOAR,AVT,FLIXX,FLIXX,MUSIC,SEQ,CRED,BCY,DTB,BLUE,SOAR,MYB,DBET,QUN,CLAM,IFT,OCT,ATB,BQ,XNN
352,XST,MYST,BCY,BCAP,INCNT,POLL,XAUR,CVCOIN,XPM,BCAP,POLIS,RNT,RNT,FLO,INCNT,AIR,DTB,HUSH,LMC,DBIX
353,XLR,BSD,PBL,ENRG,RC,MUSIC,FLDC,ELIX,ENRG,DTB,CLAM,OCT,CLAM,SOAR,DIVX,FLO,DICE,ALIS,DBIX,HDG
354,PFR,PFR,HEAT,SWT,SOAR,WCT,UNO,INCNT,XRL,CLAM,FLDC,IFT,ODN,ENRG,LMC,XRL,XPM,AIT,ENRG,CLAM
355,MYST,OCT,UNO,COVAL,FLDC,MYST,PLBT,HORSE,MYB,ENRG,NYC,TIME,ENRG,CLAM,FLDC,DICE,HUSH,FLO,PTOY,XRL
356,CLAM,XAUR,GBX,CAG,XAUR,CLAM,ODN,LMC,CLAM,FLDC,MYB,ENRG,LMC,OCT,HKN,MINT,COLX,DTB,UNIT,DYN
357,CAG,FLIXX,CLAM,MUSIC,UNO,BCAP,WCT,SPF,DICE,BSD,DOVU,CVCOIN,REC,RNT,RNT,ATB,REC,PND,OXY,OXY
358,GAM,XST,SEQ,XMCC,SEQ,OXY,ENRG,PLBT,HEAT,PBL,XRL,LMC,OCT,LINDA,DBET,FLDC,FLO,XNN,FLO,SPF
359,IOP,GMT,XMCC,AC,GAM,UNO,POLL,XAUR,INCNT,QUN,POLL,PFR,SOAR,FLDC,XNN,LIFE,IFT,OXY,AIT,UQC
360,BMC,TIME,NTRN,FLDC,BCY,TIME,CLAM,WCT,ELIX,SEQ,CVCOIN,FLDC,PLBT,ATB,TIME,DOVU,DOVU,RNT,PLBT,RNT
361,ICOS,ATL,QUN,PIRL,POLL,PBL,COVAL,POLIS,XAUR,PLBT,BSD,MINT,LINDA,LMC,PLU,NTRN,LMC,LMC,COLX,ICOS
362,BET,GEO,ABY,INCNT,ABY,QAU,DICE,XMCC,UQC,XPM,PBL,XRL,FLO,XRL,AIX,SYNX,INCNT,FLDC,DBET,ALIS
363,OCT,SEQ,COVAL,PRG,XST,POLIS,LOC,CLAM,OXY,ECN,ELIX,ICOS,ELIX,ICOS,POLL,PLBT,DBET,UQC,NTRN,AIT
364,ODN,ONG,CSNO,QAU,XRL,GAM,GBX,XPM,QUN,AVT,AC,XPM,FLDC,ELIX,PLBT,RNT,UQC,UNIT,AVT,TIME
365,GMT,IOP,TIME,GAM,LUX,BSD,GAM,FLDC,SPF,SPF,XPM,DICE,PBL,MINT,REC,INCNT,FLDC,PLBT,UQC,FLO
366,LUX,QUN,GAM,GEO,ADST,ICOS,XMCC,ODN,BITUSD,HEAT,AVT,CAG,NTRN,PLBT,ESP,HEAT,UNIT,DICE,EMV,PTOY
367,SEQ,NIO,ATMS,NIO,BQ,CRED,BSD,COVAL,BCY,BCY,PLBT,AVT,UNIT,BITUSD,NTRN,BITUSD,QUN,AIX,DTB,XLR
368,PLBT,BITUSD,GEO,HGT,WCT,GCR,MUSIC,XLR,QAU,MUSIC,BQ,BQ,DICE,DBET,UNIT,DBET,AVT,AVT,TIME,WILD
369,AVT,LOC,TIPS,CLAM,PIRL,PLBT,SEQ,DICE,GAM,ELIX,MUSIC,XLR,TIME,TIME,COVAL,UNIT,PLBT,DBET,FLDC,MINT
370,PST,ZOI,GCR,GCR,CAG,FLIXX,MYST,GAM,POLIS,GCR,MYST,ELIX,BITUSD,LCT,LINDA,ELIX,RNT,IFT,DOVU,DOVU
371,OXY,PIRL,PFR,LOC,GMT,NTRN,AC,QUN,NIO,DICE,BCY,AC,POLL,NYC,SYNX,TIME,ESP,TIME,HEAT,DTB
372,COVAL,XLR,XST,BCY,GCR,XST,ESP,ICOS,FLDC,TIPS,OXY,TIPS,PFR,UNIT,ATB,XNN,MINT,LEV,XAUR,NTRN
373,BITUSD,ADC,BWK,UNO,OCT,OCT,PST,HEAT,LOC,QAU,KLC,OXY,BCY,ODN,CAG,PLU,HEAT,HEAT,SPF,SYNX
374,WCT,OBITS,FRST,XLR,ICOS,RC,ICOS,BITUSD,CVCOIN,LOC,RNT,PLBT,DOVU,PBL,ELIX,BIS,SYNX,SPF,DIVX,AVT
375,BSD,QAU,LOC,QUN,BSD,XMCC,HEAT,LOC,PST,GAM,ODN,MUSIC,OXY,SPF,ODN,COVAL,ELIX,COLX,IFT,NYC
376,ESP,CVCOIN,PST,PST,MYST,TIPS,FLIXX,FLIXX,MUSIC,OXY,DICE,SEQ,PIRL,MUSIC,BITUSD,UQC,SPF,SYNX,ICOS,NIO
377,ZOI,CSNO,NIO,ONG,FRST,IOP,ABY,MUSIC,ICOS,CVCOIN,LIFE,XAUR,SEQ,POLL,UQC,SPF,COVAL,BQ,LEV,FLDC
378,ADC,UNO,QAU,BWK,TIPS,PIRL,GCR,CRED,COVAL,XLR,GCR,POLL,CVCOIN,COVAL,LCT,ODN,KLC,INCNT,GBX,HEAT
379,AC,BBR,BSD,CSNO,SPRTS,CSNO,RNT,GBX,SPHR,UQC,SPF,BCY,HEAT,SEQ,MUSIC,QAU,LINDA,QAU,XTO,OBITS
380,TIME,SEND,XLR,PFR,HEAT,SPF,CAG,SYNX,MYST,XMCC,HEAT,SPF,SPF,NIO,PIRL,MUSIC,HKN,ICOS,CREDO,XUC
381,XAUR,XVC,OBITS,XST,BITUSD,PFR,XPM,CURE,HORSE,AIX,SEQ,DOVU,LEV,UQC,DOVU,LEV,NTRN,HBC,ATB,GBX
382,SEND,XPM,OCT,BSD,LOC,BITUSD,SPF,SPHR,XLR,SPHR,QAU,LIFE,CAG,BCY,LIFE,PIRL,BIS,COVAL,AIX,LEV
383,XMCC,SPF,MAG,ABY,XMCC,ABY,AVT,PLU,CAG,BQ,FLIXX,XMCC,XRL,GCR,ICOS,AIX,QAU,GBX,PND,PND
384,ABY,ESP,IOP,FRST,SUMO,HEAT,RC,MYST,AVT,ODN,UQC,POLIS,UQC,FLIXX,SEQ,GET,OBITS,OBITS,QAU,AUR
385,BQ,FRST,MYST,TIME,IOP,PINK,BQ,QAU,GBX,FLIXX,LOC,UNIT,MINT,PIRL,SPF,ESP,MUSIC,LIFE,LINDA,ATB
386,PINK,PINK,CVCOIN,AVT,XPM,CAG,XLR,AVT,XMCC,COVAL,COVAL,COVAL,MUSIC,XLR,MINT,GCR,TIME,ELIX,OBITS,BQ
387,GEO,HUSH,INN,DICE,DICE,LCT,GMT,RC,ODN,BITUSD,PIRL,GCR,VSX,SYNX,DICE,DIVX,AIX,RIC,SYNX,QAU
388,ADST,FYP,AVT,MYST,ONG,XPM,XST,GCR,AIX,MYST,XAUR,BITUSD,COVAL,CAG,CVCOIN,IOP,GCR,GET,B2B,HKN
389,QAU,BDL,REC,IOP,TIME,GMT,FRST,BQ,XST,XAUR,UNIT,QAU,GCR,CVCOIN,PINK,ICOS,LEV,CL,GET,AIX
390,VSX,SPHR,SUMO,PLBT,SPF,XLR,OBITS,FRST,FYP,ABY,SUMO,HEAT,XLR,SPHR,GCR,HKN,XAUR,HKN,XUC,POLL
391,NIO,ATMS,XVC,PINK,BWK,SUMO,IOP,ABY,GCR,CAG,XST,CSNO,B2B,HKN,XLR,POLL,HBT,PIRL,RIC,ODN
392,SPF,WISH,ADC,PLU,PINK,GEO,REC,AC,FLIXX,ONG,FYP,UQC,ESP,VSX,CRED,LOC,ICOS,SXUT,CVCOIN,LINDA
393,XPM,VSX,ESP,ATMS,BBR,FRST,SUMO,PST,RNT,AC,SPHR,ESP,KLC,ESP,BCY,SEQ,POLL,MUSIC,ELIX,DIVX
394,LEO,BTM,PINK,HEAT,UFR,PLU,BBR,XST,ONG,RNT,CAG,XST,GBX,DOVU,QAU,BQ,SEQ,GCR,POLL,GCR
395,UNO,MAG,ATL,CVCOIN,GEO,DICE,CVCOIN,ESP,EAC,GBX,ABY,PIRL,XST,IOP,BQ,BCY,ODN,BCY,HKN,LOC
396,CSNO,EAC,BDL,TIE,PLBT,ADST,QAU,SUMO,ABY,XST,GBX,GBX,OBITS,ABY,PBL,LINDA,DIVX,DIVX,INCNT,INCNT
397,OBITS,ADST,UFO,SEND,OBITS,EAC,GEO,ONG,FRST,SUMO,ADC,PBL,QAU,OBITS,OBITS,PBL,BCY,ODN,PIRL,LIFE
398,WISH,ECOB,SEND,OBITS,PFR,AC,SPHR,CSNO,PINK,B2B,NIO,FLIXX,LOC,GBX,NIO,PINK,PIRL,LOC,ODN,ESP
399,TZC,PRO,HGT,REC,FYP,ESP,EAC,PINK,PIRL,PINK,GAM,LOC,MYST,XAUR,LEV,CAG,BQ,PINK,HAC,PIRL
400,ECOB,DICE,PLBT,SUMO,REC,SPHR,ADST,CAG,OBITS,NIO,BITUSD,SPHR,XMCC,HEAT,ABY,SPHR,CAG,REC,MINT,GET
401,RMC,UFR,ECOB,UFR,SPHR,SPRTS,PLU,GEO,SUMO,GMT,ESP,OBITS,ABY,XST,SPHR,CVCOIN,LOC,MINT,RC,MUSIC
402,SPHR,PIX,XPM,ECOB,SEND,ONG,PIRL,IOP,PLU,OBITS,XMCC,SUMO,SPHR,HBT,XST,OBITS,PINK,SPHR,NIO,ELIX
403,FRST,RIC,FYP,WISH,ESP,AVT,CSNO,PIRL,BQ,PIRL,OBITS,HORSE,XAUR,PFR,SXUT,XLR,XUC,HAC,ESP,HAC
404,ATMS,NVST,DICE,XVC,AC,PST,PINK,SEND,CRED,UNIT,ALQO,ABY,BQ,XMCC,XUC,NIO,HAC,XAUR,REC,XTO
405,FYP,PLU,CURE,FYP,PST,SEND,LCT,ALQO,CURE,FYP,XUC,ALQO,SYNX,CRED,IOP,XUC,GBX,ESP,MUSIC,FLIXX
406,DICE,CURE,BTM,ASTRO,ECOB,RNT,PIX,BBR,GEO,GEO,VSX,XUC,PINK,ALQO,XMCC,HBT,NIO,B2B,GCR,RC
407,CVCOIN,SUMO,SPHR,ATL,ATL,OBITS,BITUSD,UNIT,IOP,IOP,PINK,PIX,CURE,MYST,FLIXX,CURE,CRC,XTO,HBT,PZM
408,PLU,INN,EAC,HKN,HKN,INXT,SEND,ADST,AC,HORSE,CSNO,PLU,IOP,LOC,TIPS,ABY,RC,XUC,XLR,PINK
409,SPRTS,OPT,PLU,MAG,AVT,REC,ALQO,LCT,XUC,FRST,PLU,PINK,ALQO,B2B,GMT,MEME,RIC,SEQ,HUSH,XMCC
410,CURE,QWARK,XUC,ESP,XLR,ECN,UNIT,LIFE,RC,ESP,IOP,IOP,PIX,PINK,CURE,GBX,SPHR,RC,DYN,CVCOIN
411,XVC,XUC,TZC,EAC,NIO,BWK,ECOB,RNT,UNIT,ALQO,GEO,CURE,FLIXX,CURE,AC,RC,ABY,XLR,AUR,BCY
412,BTM,PLAY,UNIT,INN,POLIS,FYP,XTO,VSX,ECOB,CSNO,AIX,SPRTS,POLIS,PLU,PIX,XAUR,CURE,PFR,CL,COVAL
413,EAC,TZC,UFR,BDL,INN,VSX,NIO,BTDX,PIX,PLU,PIX,MYST,NIO,EAC,B2B,PIX,PFR,XMCC,SEQ,HORSE
414,SUMO,PTC,REX,EDR,ADC,NIO,UQC,OBITS,SYNX,XUC,ONG,SPR,FYP,QAU,SMLY,XST,XLR,IOP,LOC,KLC
415,NTRN,SPR,PIX,VSX,TIE,UNIT,XUC,TIPS,CSNO,CURE,CURE,EDR,XUC,LEV,PFR,SXUT,PBL,DYN,BCY,MYST
416,RC,SPRTS,WISH,SPHR,CVCOIN,UFR,BWK,KLC,ESP,PIX,HORSE,SYNX,SUMO,AUR,ASTRO,FLIXX,IOP,NTRN,PFR,PIX
417,SPR,CRB,PRO,UFO,XVC,INN,UFR,XUC,VSX,ADST,GMT,B2B,AC,XUC,HBT,CRC,CVCOIN,ABY,USNBT,CAG
418,MAG,HKN,BON,ADST,UNIT,XVC,XVC,GMT,SEND,TIE,XLR,BWK,PLU,AC,GBX,DOPE,XST,AUR,PINK,REC
419,HUSH,ZNY,ADST,PRO,PIX,HKN,PRO,REC,LCT,SEND,EAC,AIX,EAC,SUMO,HORSE,B2B,FLIXX,POLL,COVAL,SPHR
420,ATL,UFO,CRC,XPM,PLU,ADC,ECN,EAC,ADST,EAC,RC,NIO,GMT,SPR,XAUR,ASTRO,ASTRO,CVCOIN,CRED,CRED
421,ZNY,TX,ASTRO,SPRTS,UFO,XUC,CURE,UQC,GMT,OPT,FRST,CRC,LCT,BWK,LOC,EDR,SXUT,CURE,SPHR,ASTRO
422,PIX,BON,QWARK,SPR,CURE,ATMS,SPR,BTM,TIPS,RC,BWK,FYP,SXUT,BQ,RC,CRED,CRED,FLIXX,DOPE,HBT
423,XUC,BELA,PLAY,UNIT,VSX,UQC,INN,BUZZ,PGL,VSX,TIPS,SEND,CRED,PIX,XVC,AC,PIX,HBT,MYST,B2B
424,DOPE,ZER,CRB,ADC,EAC,TIE,HKN,INN,BBT,WISH,SYNX,WISH,TIE,EDR,MYST,BTM,LCT,CAG,PZM,XST
425,QWARK,CRAVE,XTO,CRC,ATMS,ALT,WILD,BWK,WISH,PROC,WISH,REC,SPRTS,SPRTS,EDR,TIPS,MYST,ASTRO,ONG,CURE
426,PTC,DOPE,VSX,TZC,WISH,CURE,ONG,UFR,REC,XVC,XVC,ECOB,BWK,TIE,SPRTS,XVC,MEME,XST,CURE,EAC
427,NVST,REX,CRAVE,BTDX,BDL,PRO,BTDX,ECOB,TIE,ECOB,CRC,EAC,EDR,ASTRO,WILD,SPRTS,AUR,PIX,ABY,IOP
428,HGT,RC,B2B,PLAY,PRO,BDL,FYP,BBT,XVC,ATMS,ADST,ATMS,WISH,GMT,TIE,PFR,B2B,GMT,XMCC,TIE
429,REX,HGT,TCC,PURE,RNT,ECOB,BTM,HKN,SPR,SYNX,REC,ONG,SPR,KLC,MEME,LCT,HORSE,PBL,ASTRO,BDL
430,INN,BPL,USNBT,CURE,SPR,BTM,BDL,XVC,UFR,REC,ATMS,ADC,HORSE,DOPE,PGL,MYST,AC,BDL,IOP,USNBT
431,BELA,UNIT,DOPE,BTM,BON,EBTC,TIE,SPR,BTM,SPRTS,SPRTS,KLC,WILD,SXUT,AUR,AUR,XTO,MYST,CAG,EDR
432,BTDX,CANN,HKN,XUC,ASTRO,PIX,WISH,PIX,CRC,CRC,ECOB,GMT,DOPE,HORSE,SEND,EVC,BTM,CRED,XST,ABY
433,CRB,XTO,ZNY,USNBT,XTO,BTDX,ATMS,ATMS,ALQO,MEME,PROC,GEO,AUR,XVC,DOPE,BDL,EDR,GCN,GMT,POLIS
434,HKN,ITNS,BTDX,PIX,CRC,BON,VSX,FYP,HKN,BWK,SEND,DOPE,ADC,BDL,SUMO,EAC,XVC,LCT,BDL,DAI
435,BDL,MEME,BELA,TFL,BTDX,DOPE,ATL,PGL,MEME,CRED,BDL,XVC,TIPS,WILD,EAC,WILD,EAC,BTM,FLIXX,DOPE
436,BON,NVC,ARC,WILD,TZC,XTO,DOT,CRC,EDR,BTM,HKN,TIE,SEND,MEME,ADST,DRP,BDL,XVC,PIX,PFR
437,RIC,SYNX,TFL,XTO,BTM,UFO,DOPE,EDR,INN,TZC,ASTRO,SXUT,FRST,PZM,FYP,TIE,ADST,MEME,BTM,BTM
438,BLITZ,HYP,WILD,QWARK,PTC,CRC,QWARK,BDL,BWK,BDL,B2B,WILD,PROC,FRST,BTM,ADST,PZM,CPAY,LCT,SEQ
439,MEME,WILD,PURE,DOPE,EMV,BBR,CRC,DGPT,SPRTS,DOPE,MEME,CRED,XVC,TX,ATMS,BWK,ONG,EAC,PBL,LCT
440,TX,VRM,BPL,SYNX,DOPE,SPR,SYNX,DOPE,BDL,UFR,BTM,RC,HKN,WISH,BDL,TX,XMCC,EDR,HBC,PBL
441,BRK,BTDX,PTC,CRB,BBT,TZC,BON,WISH,CRAVE,BON,INN,FRST,MEME,PGL,VRM,SUMO,ECOB,DOPE,CRC,CRC
442,CANN,TCC,AUR,AHT,USNBT,MAG,PLAY,MEME,WILD,INN,BTDX,PROC,ADST,INN,TX,XMCC,DOPE,PZM,EDR,AC
443,UFR,XBC,BRK,PGL,ITNS,ATL,ITNS,ITNS,ATMS,DGPT,SPR,ADST,1337,CRC,BRK,XTO,TX,MAGE,EAC,UFO
444,VRM,VTA,ITNS,MEME,TX,PLAY,MEME,TZC,XTO,HKN,DGPT,BDL,ATMS,VRM,ONG,HORSE,SPRTS,ECOB,AC,XVC
445,GLD,BLITZ,TX,ITNS,CRB,SYNX,ADC,TX,BON,TX,BON,BTM,BDL,ADST,SPR,VRM,SUMO,LINDA,DAI,TCC
446,XTO,SNRG,NVC,OPT,SYNX,ALQO,SPRTS,XTO,UFO,SPR,DOPE,MEME,CRC,TZC,BWK,RIC,USNBT,USNBT,MEME,EVC
447,SNRG,B2B,PZM,TX,REX,WISH,TZC,SPRTS,TX,DOT,WILD,AUR,BTDX,POLIS,ALQO,ECOB,GMT,AC,XVC,CL
448,BPL,HBT,CANN,TCC,ZNY,ASTRO,TX,PLAY,DGPT,ASTRO,TZC,HKN,INN,BTM,INN,GMT,TCC,REX,SUMO,CPAY
449,CRAVE,ASTRO,OPT,BELA,PLAY,QWARK,CRB,UFO,PLAY,SCL,TIE,TZC,TX,VTA,1337,TCC,VRM,TX,TIE,HUSH
450,NVC,AUR,SPR,ALT,XUC,TX,REX,TIE,BLITZ,USNBT,CRED,VTA,TZC,BELA,EVC,BRK,BWK,SUMO,HORSE,MEME
451,SYNX,CARBON,1337,EMV,QWARK,USNBT,BBT,CRB,TZC,WILD,TX,PGL,ONG,BTDX,VSX,WISH,WISH,TCC,EVC,SUMO
452,XBC,NOTE,XBC,DOT,MAG,CRB,UFO,TCC,BUZZ,TCC,HYP,TX,VRM,TCC,TCC,VTA,EVC,DRP,TCC,GMT
453,CRC,BRK,SPRTS,REX,MEME,PTC,ASTRO,QWARK,DOPE,BUZZ,TCC,HYP,ASTRO,PROC,PZM,BTDX,PGL,1337,ERO,ERO
454,B2B,IND,BLITZ,BRK,AMM,CHC,TCC,BTCZ,BTDX,XTO,LCT,BRK,UFR,ATMS,WISH,PZM,ALQO,ATMS,ECOB,RIC
455,ASTRO,CRC,SYNX,ARC,BELA,TCC,HYP,HYP,PTC,PTC,EDR,DGPT,VTA,PTC,CRC,ATMS,BRK,EVC,CPAY,HBC
456,AUR,GLD,ALT,PTC,ALT,VRM,ZNY,WILD,TCC,CRB,PTC,ASTRO,HYP,ECOB,PLAY,DGPT,FYP,ONG,ALQO,WISH
457,UNIT,ARC,GLD,CANN,OPT,HBT,BELA,PTC,ASTRO,BRK,AUR,TCC,TCC,CRB,BELA,CRB,WILD,ALQO,POLIS,ONG
458,1337,MTNC,MEME,HYP,SNRG,MEME,EDR,ASTRO,OPT,VRM,SCL,UFR,RC,HYP,PTC,SEND,QWARK,CRC,GCN,ERC20
459,AHT,1337,PGL,B2B,TCC,BELA,TIPS,KORE,ITNS,HYP,BUZZ,CANN,DGPT,BRK,BTDX,INN,DRP,BRK,DRP,TOA
460,TFL,KORE,SNRG,ZNY,HYP,AMM,ALT,CRAVE,CRB,ATL,UFR,BTDX,PZM,RC,ECOB,PTC,TIE,ADST,HYP,MAGE
461,OPT,CHC,KLC,VRM,BRK,ZNY,VRM,ATL,VRM,ADC,DOT,INN,HBT,SEND,PROC,SPR,PTC,VRM,MAGE,PLAY
462,ITNS,VSL,RIC,VIVO,MTNC,BBT,CHIPS,ARC,MTNC,BLITZ,PLAY,DRP,DRP,REX,VTA,QWARK,HYP,SSS,TX,BWK
463,KORE,REAL,MTNC,AUR,B2B,ITNS,AMM,USNBT,USNBT,INXT,UFO,BUZZ,ITNS,ADC,SNRG,POLIS,MAGE,HORSE,BWK,HYP
464,VTA,RUP,VRM,NVC,ALQO,BRK,PTC,BON,HBT,ITNS,QWARK,BON,BRK,KORE,HYP,BELA,ERO,DAI,UFO,TX
465,SSS,VIVO,HYP,MTNC,TFL,HYP,BRK,NVC,BTCZ,QWARK,SNRG,BLITZ,ECOB,BTCZ,CRB,ALQO,NVC,SPRTS,NVC,ALQO
466,BRX,BTCZ,VIVO,XBC,XBC,RIC,ARC,REX,ALT,PLAY,ATL,PZM,BLITZ,DRP,BUZZ,CPAY,DAI,PTC,TOA,NVC
467,TCC,PRIX,CHC,RIC,BLITZ,DOT,XBC,BLITZ,QWARK,PZM,BTCZ,PTC,SNRG,BUZZ,POLIS,ATL,BTDX,DGPT,BELA,GCN
468,XGOX,CREA,IND,BON,RIC,AUR,SNRG,BELA,ARC,BTDX,BRK,VRM,BUZZ,CANN,NKA,SNRG,CRB,POLIS,PLAY,INN
469,HYP,PGL,DOT,BLITZ,VRM,EDR,CREA,ZNY,HYP,BTCZ,HBT,ATL,CANN,TIPS,ATL,BTCZ,BELA,HYP,DGPT,ADST
470,RUP,BRX,ZER,PZM,ARC,XBC,NVC,MTNC,ATL,EDR,XTO,HBT,CRB,QWARK,FRST,NKA,PLAY,TOA,PTC,TIPS
471,UFO,USNBT,PRIX,XGOX,GLD,WILD,HBT,VRM,PROC,REX,PZM,LCT,PTC,ATL,QWARK,TES,DGPT,ERO,TFL,PTC
472,MTNC,INXT,KORE,BUZZ,VIVO,B2B,RIC,ADC,ECN,ZNY,HOLD,ALT,QWARK,BLITZ,DRP,HYP,REAL,BELA,ADST,PROC
473,RKC,SSS,HWC,GLD,HBT,TFL,DGPT,HBT,VTA,VTA,ITNS,QWARK,BELA,OPT,ADC,BLITZ,TFL,FYP,VRM,SPRTS
474,IND,DRP,EDR,FRD,NVC,NVC,BUZZ,CHC,TFL,XBC,CRB,USNBT,ATL,NVC,TFL,USNBT,BLITZ,CRB,SSS,VRM
475,NOTE,START,DRP,SNRG,PURE,CANN,GLD,XBC,KORE,KORE,VRM,BTCZ,OPT,QVT,BLITZ,TZC,GLD,TFL,BRK,SSS
476,SCL,AHT,HBT,ZER,CANN,XGOX,BLITZ,ALT,SNRG,UFO,AMM,UFO,KORE,GLD,KORE,KORE,HWC,BTDX,BBT,BLITZ
477,INXT,EDR,RKC,KORE,AUR,SNRG,CHC,AMM,NVC,AUR,BLITZ,SNRG,BTM,SNRG,SCL,PLAY,VSX,BWK,DOT,MTNC
478,CHC,TFL,EMV,BPL,DOT,BTCZ,TFL,CANN,XBC,NVC,OPT,XGOX,AMM,XBC,NVC,1337,POLIS,SNRG,QWARK,ATMS
479,ALT,HWC,NOTE,CRAVE,BUZZ,OPT,BTCZ,SNRG,ZNY,ALT,XBC,DOT,DOT,FYP,DOT,ONG,SEND,QWARK,WISH,QWARK
480,ETT,PZM,VTR,TOA,BTCZ,GLD,EMV,BRK,GLD,BELA,XGOX,AMM,NVC,DOT,GLD,VSX,DOT,PLAY,ATMS,DGPT
481,BUZZ,BUZZ,BTCZ,2GIVE,CHC,SSS,CANN,ECN,SCL,SNRG,MTNC,XBC,PLAY,AMM,TZC,NVC,AMM,NVC,1337,TZC
482,DOT,2GIVE,CREA,SXC,PRIX,KORE,AUR,AUR,BELA,MTNC,NVC,NVC,BON,DGPT,DGPT,TFL,TOA,TIPS,MTNC,BRK
483,VTR,EXCL,SSS,HWC,WILD,CRAVE,KORE,DOT,AUR,AMM,KORE,OPT,GLD,PLAY,BTCZ,GLD,CPAY,TIE,SPRTS,ATL
484,CARBON,ADL,BRX,VTA,1337,BRX,B2B,BRX,CANN,GLD,GLD,CRB,XBC,XTO,CANN,DOT,PROC,INN,SNRG,BELA
485,DRP,VTR,RUP,DRP,KLC,BLITZ,2GIVE,B2B,PZM,BBT,ZNY,KORE,BTCZ,UFR,XBC,XBC,XBC,BUN,KORE,DRP
486,START,RKC,DAI,STA,EDR,DGPT,BRX,VIVO,BRK,HOLD,BELA,MTNC,ALT,BBT,BBT,PROC,INN,GLD,REAL,1337
487,BTCZ,PDC,SCL,PDC,BPL,VIVO,SSS,CHIPS,DOT,CHC,1337,PLAY,UFO,TFL,UFR,TOA,SPR,UFO,XBC,PGL
488,WILD,DGPT,CDX,AMM,SSS,BUZZ,1337,GLD,AMM,BRX,USNBT,ZNY,MTNC,MTNC,TOA,CANN,ATMS,DOT,ADC,BTDX
489,2GIVE,PURE,2GIVE,SCL,BRX,PURE,BPL,RIC,BRX,IND,CANN,SCL,SCL,BRX,XTO,PGL,UFO,XBC,CRB,TFL
490,WAND,XGOX,SXC,BRX,DRP,1337,MTNC,WDC,ADC,KLC,TFL,GLD,PGL,ZNY,MTNC,AMM,SNRG,VSX,PGL,ITNS
491,PDC,DOT,XGOX,BTCZ,KORE,TOA,OPT,BPL,XGOX,XGOX,IND,RIC,USNBT,UFO,ALT,BBT,BTCZ,TZC,GLD,GLD
492,VIVO,EBTC,PDC,CDX,SXC,CREA,USNBT,TFL,REX,DAI,RUP,BELA,RIC,RIC,ITNS,INXT,SSS,BLITZ,FYP,DOT
493,TKS,SCL,EBTC,SSS,CREA,BPL,SCL,INXT,BPL,RIC,DAI,XTO,NKA,USNBT,OPT,UFO,KORE,OPT,TZC,FYP
494,CREA,EBST,TOA,INXT,DGPT,SCL,DRP,PURE,CDX,PGL,RIC,HOLD,EXCL,SCL,AMM,SCL,BUZZ,ADC,INXT,FLIK
495,TOA,TOA,BUZZ,IND,PZM,2GIVE,CRAVE,2GIVE,TKS,CANN,BRX,REX,XTO,DAI,RIC,FYP,TIPS,WISH,PROC,VTA
496,PRIX,IXC,PROC,KLC,ZER,MTNC,XGOX,DAI,DAI,LCT,NOTE,IND,DAI,BON,BRX,SSS,MTNC,AMM,HWC,KORE
497,HBT,TKS,REAL,HBT,2GIVE,VTR,TOA,OPT,PRIX,CHIPS,PGL,AHT,ZNY,EXCL,DAI,QVT,CANN,KORE,BLITZ,XBC
498,EDR,TRUST,DGPT,EXCL,VTA,PROC,IND,PROC,RIC,SSS,SSS,BRX,BRX,ITNS,USNBT,DAI,ADC,PROC,BTCZ,CRB
499,PURE,ERC,IXC,DAI,TOA,PZM,VIVO,EXCL,1337,TOA,CHC,DAI,TOA,ONG,ZNY,OPT,1337,ATL,INN,STA
500,ADL,ERO,EQT,1337,WAND,VTA,HWC,IND,VIVO,EXCL,BPL,CHIPS,XGOX,XGOX,EXCL,BRX,SCL,MTNC,BTDX,ADC
501,USNBT,MBRS,EXCL,VTR,PDC,PYLNT,PRIX,PZM,CHC,TFL,DRP,TFL,REX,TOA,REAL,EXCL,ATL,SCL,RUP,FRD
502,EXCL,ELLA,ERO,CREA,XGOX,HWC,ZER,HWC,EXCL,DRP,CHIPS,SSS,CHIPS,ALT,BPL,ADC,TZC,HWC,BON,HWC
503,BASH,CDX,START,FOR,RUP,PRIX,PDC,TOA,IND,2GIVE,VIVO,TOA,IND,1337,XGOX,ERC,BRX,CANN,ATL,SCL
504,QRK,PROC,TKS,CHC,ERC,DRP,PYLNT,TKS,2GIVE,VIVO,VSL,CHC,BBT,SSS,SSS,UFR,QVT,INXT,BUN,REX
505,DGPT,ALT,WAND,RUP,NOBL,VSL,NOTE,EMV,HOLD,REAL,2GIVE,EXCL,TFL,UNI,REX,FRST,EXCL,BON,CANN,SNRG
506,TRUST,FRD,ADL,ADL,DAI,AHT,VTR,PYLNT,CHIPS,BPL,INXT,RUP,ERC,SMLY,UFO,ITNS,OPT,BBT,TIPS,SEND
507,SXC,SXC,TRUST,PYLNT,EXCL,DAI,EXCL,XGOX,NOTE,TKS,CREA,PDC,2GIVE,BPL,CPAY,ALT,ERC,TES,EXCL,INXT
508,EBST,EQT,ELLA,START,CDX,EXCL,PROC,SSS,PDC,NOTE,EXCL,2GIVE,NOTE,PDC,QVT,BPL,FRD,EXCL,ERC,BON
509,ELLA,HUC,MBRS,DGPT,FOR,NOTE,PZM,VTR,ZER,CREA,ALT,VIVO,BPL,REAL,2GIVE,MTNC,ITNS,VTA,BRX,CANN
510,ERC,XMG,INXT,ZRC,AHT,PDC,FRD,RUP,TOA,VTR,AHT,ITNS,RUP,2GIVE,PDC,2GIVE,BBT,SPR,VSX,BTCZ
511,FRD,XFT,NOBL,PRIX,SCL,ERC,AHT,CREA,SXC,RUP,TOA,ERC,SSS,VTR,BON,RUP,BPL,ERC,FLIK,QVT
512,ZEPH,DYN,BBT,TRUST,NOTE,CDX,ERC,PDC,CREA,PDC,SXC,INXT,VIVO,ERC,ZRC,ZNY,REX,BRX,SCL,ERC
513,REAL,BBT,ERC,MBRS,INXT,IND,RUP,SCL,VTR,SXC,REAL,BBT,SXC,IND,KLC,ZRC,NKA,QVT,FRD,BPL
514,HWC,FOR,CARBON,ERC,VSL,RUP,SXC,CARBON,KBR,1337,PURE,BPL,PDC,HOLD,IND,CHC,2GIVE,BPL,REX,UFR
515,DYN,DAI,TRC,IXC,VTR,ZRC,DAI,DRP,PYLNT,FRD,QVT,REAL,QVT,CPAY,VTR,PDC,XGOX,APX,BPL,EVR
516,PZM,ZEPH,PUT,NOBL,TKS,SXC,INXT,GJC,HWC,PURE,HWC,PURE,VTR,TKS,TKS,EVR,INXT,BTCZ,BUZZ,BUZZ
517,IXC,WAND,FRD,REAL,GCN,CARBON,NOBL,1337,ZRC,ERO,ERO,QVT,CHC,VIVO,PRIX,REX,FRST,SEND,OPT,EXCL
518,MBRS,TRC,ZEPH,ERO,PYLNT,ZER,ERO,NOTE,SSS,ZER,VTR,VTR,HOLD,AHT,CHC,VTR,RUP,ZRC,GOOD,OPT
519,ERO,WDC,VSL,TKS,CRAVE,EMV,BASH,SXC,INXT,GCN,TKS,TKS,TKS,HWC,VIVO,HOLD,TES,ITNS,SMART,NKA
520,EQT,ELTCOIN,ZRC,ELTCOIN,ZRC,NOBL,START,AHT,ERO,HBT,PDC,VSL,HWC,SXC,ERC,BON,ZRC,UFR,APX,AHT
521,NOBL,QRK,AHT,NOTE,IND,DYN,ZRC,FRD,GJC,ZRC,VTA,1337,CPAY,ZEPH,CHIPS,TKS,GRE,2GIVE,UFR,BRX
522,PROC,EGC,GCN,ELLA,HWC,FRD,VTA,ZER,PURE,QVT,ERC,NOTE,WAND,CHIPS,VSL,XGOX,ALT,FRD,CHIPS,RUP
523,PUT,BASH,XFT,GRE,FRD,STA,STA,ERO,ERC,PYLNT,BBT,HWC,START,RUP,HWC,HWC,BON,EVR,AMM,KRB
524,XMG,LINX,STAK,EBST,START,REX,WAND,ZRC,AHT,ERC,GJC,SMLY,ZRC,ZRC,HOLD,BUZZ,CHC,XGOX,SPR,AMM
525,WDC,VIDZ,KRB,EBTC,ERC20,TRUST,TRUST,PRIX,DRP,NOBL,ZRC,SXC,ERO,DYN,RUP,ZER,VTR,BUZZ,ITNS,2GIVE
526,ELTCOIN,REC,DYN,CARBON,STA,WAND,TKS,HOLD,RUP,DYN,ZER,ERO,REAL,NOTE,SMART,REAL,UFR,ZER,TES,APX
527,FOR,PUT,EBST,VSL,QVT,TKS,PURE,ERC,NOBL,HWC,FRD,CREA,ZER,ERO,ERO,IND,EVR,IND,EVR,CHIPS
528,ZEIT,APX,SMART,EFYT,V,EBST,MBRS,ZEIT,ZEIT,ELLA,NOBL,PRIX,TRUST,ZER,INXT,ERO,ZNY,VTR,SEND,VSX
529,EGC,PKB,XMG,EQT,TRUST,START,DYN,STA,FRD,CDX,REX,GJC,AHT,CHC,GCN,DYN,HOLD,REAL,NKA,WAND
530,DAI,KRB,APX,XFT,EBST,ERO,MCAP,WAND,STA,WAND,ZEIT,START,INXT,TRUST,DYN,XMG,TKS,HOLD,2GIVE,SMART
531,PKB,NOBL,STU,TRC,IXC,ELLA,NKA,NOBL,REAL,TRUST,DYN,ZRC,CREA,START,ZER,NOTE,ZER,SMART,TKS,MXT
532,HUC,ZRC,EGC,EGC,MBRS,FOR,HOLD,PING,ADL,TRC,PYLNT,ETBS,PRIX,FRD,START,ETBS,SMART,TKS,IND,TRC
533,ZRC,STU,QVT,SMART,REAL,EQT,ELLA,DYN,TRC,GJC,START,NOBL,DYN,INXT,TRUST,START,IND,FLIK,ZRC,IND
534,GOOD,QVT,CHIPS,WDC,EBTC,TRC,TRC,TRUST,DYN,STA,PRIX,DYN,PURE,GJC,ADL,TRUST,PDC,PYLNT,ZEPH,HOLD
535,TRC,GOOD,HUC,WAND,ELLA,QRK,CARBON,START,KLC,START,TRUST,PYLNT,PING,EFYT,PYLNT,CHIPS,VIVO,RUP,PRIX,XGOX
536,XFT,SMART,RAIN,ETBS,CARBON,HOLD,VSL,VSL,TRUST,VSL,TRC,TRUST,FLIK,NKA,AHT,PRIX,CHIPS,CHC,XGOX,CHC
537,PING,FLIK,ELTCOIN,DYN,HOLD,MBRS,EBST,TRC,FOR,PRIX,XMG,ZER,ETBS,FLIK,ETBS,PYLNT,GOOD,ZEPH,PYLNT,REAL
538,PGL,CTX,BASH,BBT,PROC,QVT,EGC,GRE,START,ETBS,GCN,ADL,KRB,KRB,FRD,VIVO,GCN,NKA,ADL,MCAP
539,VSL,MXT,PING,PING,EQT,XMG,QRK,ERC20,QVT,AHT,STA,PING,FRD,PRIX,ZEPH,SMART,CREA,PDC,HOLD,CREA
540,APX,NDC,ETBS,CHIPS,DYN,IXC,GCN,IXC,MCAP,MBRS,ETBS,FLIK,TRC,CREA,SXC,GCN,PRIX,PRIX,FRST,ADL
541,REC,CHIPS,EFYT,NDC,PGL,RAIN,FOR,BASH,VSL,EGC,WAND,TRC,ADL,MONK,XMG,KLC,PYLNT,START,ZER,VTR
542,DP,EFYT,CTX,ZEPH,ERO,EGC,QVT,MCAP,IXC,MCAP,MXT,STA,NOBL,XMG,KRB,SXC,DYN,CHIPS,QVT,PING
543,KRB,GIM,ANC,XMG,TRC,CHIPS,EQT,QVT,STU,MXT,EGC,STAK,GCN,STA,CREA,FRD,ETBS,FRST,CREA,TKS
544,LINX,MEC,EFL,DP,MXT,ZEPH,IXC,REAL,EFYT,EBST,GOOD,MCAP,ZEPH,SMART,CDX,KRB,CARBON,ZNY,TRC,ZRC
545,SMART,PING,FOR,APX,SMART,ZEIT,STU,EGC,WDC,ARC,CDX,GOOD,STA,WAND,NOTE,CREA,TRUST,PGL,CHC,NOTE
546,FLIK,ANC,ZEIT,GOOD,QRK,GCN,ZEPH,CDX,GCN,XMG,QRK,KRB,XMG,EGC,WAND,FLIK,KRB,ALT,NOTE,ALT
547,MEC,MCAP,MXT,KRB,ADL,SMART,PING,ELLA,MONK,QRK,MCAP,FRD,PYLNT,TRC,EGC,TRC,TRC,KRB,KRB,SPR
548,VIDZ,HOLD,HAL,LINX,EGC,REAL,XMG,FOR,EGC,KRB,KRB,WAND,VSL,PURE,EFYT,APX,XMG,CREA,START,STAK
549,STU,EFL,QRK,CBX,ZEIT,ELTCOIN,ADL,QRK,KRB,MONK,SMART,MXT,EFYT,ELTCOIN,PING,MXT,APX,TRUST,GJC,ZER
550,CTX,STAK,HOLD,PROC,PING,MXT,PGL,SMART,MXT,IXC,MONK,GCN,SMART,NOBL,STA,VSL,START,STA,WAND,PYLNT
551,BBT,RNS,LINX,MXT,XMG,ETBS,MXT,EQT,PING,DNR,IXC,XMG,MCAP,MCAP,TRC,MONK,MONK,XMG,VTR,START
552,EBTC,DNR,DNR,QRK,ELTCOIN,GOOD,HUC,MXT,QRK,KBR,EFYT,EGC,EGC,ADL,FLIK,ZEPH,NOTE,NOTE,MONK,MONK
553,CHIPS,DCY,CNT,HUC,ANC,XFT,ETBS,MBRS,ETBS,SMART,EBST,MONK,SMLY,MXT,MONK,WAND,ADL,TRC,PDC,PDC
554,ANC,HAL,STA,BLU,RAIN,DP,BLU,EBST,SMART,WDC,STU,SMART,GJC,VSL,MXT,GOOD,STA,MONK,GRE,BBT
555,POP,HAT,MCAP,STU,KRB,APX,MONK,KRB,XMG,FOR,ELLA,DNR,NDC,EBST,TES,EGC,SXC,GOOD,ALT,VIVO
556,MXT,CNT,PKB,RNS,CHIPS,KRB,XFT,BLU,ELLA,EFYT,FOR,CARBON,EBST,MBRS,DNR,STA,FLIK,PING,STA,TRUST
557,QVT,CBX,DP,QVT,GOOD,MCAP,KRB,EFYT,MBRS,PING,MBRS,BUN,MXT,PYLNT,TRCT,ADL,EGC,SXC,TRUST,TRCT
558,HAT,ETBS,WDC,STAK,ZEPH,HUC,ANC,XMG,DP,XFT,EFL,ZEPH,MONK,GCN,PURE,DNR,SMLY,TRCT,SXC,PRIX
559,NDC,BLU,HAT,BASH,ETBS,HODL,SMART,CTX,GOOD,PKB,HUC,CDX,STAK,ETBS,CRAVE,AHT,ZEPH,MXT,TRCT,ZNY
560,EFL,ABJ,FLIK,RAIN,XFT,EFYT,EFL,ANC,EBST,HUC,ZEPH,EFL,GOOD,DNR,GOOD,SMLY,WAND,VIVO,VSL,SXC
561,RAIN,RAIN,ECASH,HOLD,APX,ADL,ZEIT,HUC,NDC,STU,PKB,EBST,EFL,CARBON,ZEIT,MCAP,MXT,DAY,SMLY,HUC
562,ERC20,CMPCO,YOC,MCAP,EFYT,V,CTX,STU,EFL,DP,ADL,QRK,BLU,EQT,NOBL,PING,DNR,SMLY,PING,FOR
563,MCAP,YOC,FLT,EFL,HUC,BLU,EFYT,MONK,BLU,NKA,PING,EFYT,HUC,EFL,MCAP,EFL,AHT,DNR,DNR,DFT
564,ABJ,INSN,BLU,CNT,STU,PKB,DP,DP,APX,GIM,DNR,BLU,QRK,PKB,STAK,EBST,STAK,MBRS,YOC,DNR
565,CBX,UNIFY,GIM,RKC,NDC,WDC,REAL,ETBS,XIOS,EQT,EQT,STU,ELLA,BLU,EFL,ELLA,CDX,EGC,EGC,ANC
566,DNR,POP,NDC,PKB,PKB,ANC,CDX,GCN,XFT,ZEIT,YOC,EQT,ANC,QRK,EBST,HUC,BASH,VSL,MXT,GOOD
567,BTCS,FLT,MONK,YOC,RKC,STU,WDC,APX,WAND,EFL,BLU,APX,DNR,ELLA,BLU,QRK,ERC20,ADL,HUC,BASH
568,ARC,PBT,GOOD,FLT,CBX,PING,APX,EFL,HUC,ADL,GRE,ELLA,ERC20,TRCT,GJC,GJC,VSL,PURE,MCAP,ZEIT
569,STAK,ECASH,BTA,LDOGE,LINX,EFL,RAIN,PKB,PKB,GOOD,EMV,HUC,CDX,GOOD,PKB,NOBL,HUC,HUC,CARBON,FRST
570,EFYT,MONK,ERC20,POP,EFL,NDC,STAK,XFT,ANC,ZEPH,APX,CPAY,MBRS,STAK,HUC,BLU,EFL,MCAP,XMG,EGC
571,GIM,LDOGE,PBT,MONK,MONK,CBX,PKB,ELTCOIN,GRE,GRE,XFT,NDC,PKB,HUC,QRK,STAK,GJC,WAND,VIVO,BUN
572,DCY,XLC,RNS,RIYA,WDC,MONK,FLIK,KBR,EQT,YOC,KBR,FOR,EQT,ANC,STU,PKB,EFYT,BLU,STAK,TES
573,PBT,DAR,V,CTX,YOC,YOC,YOC,RAIN,ZEPH,RAIN,NDC,YOC,YOC,STU,FOR,CARBON,MCAP,AHT,FYN,IXC
574,BLU,MOIN,EPY,ANC,BLU,DNR,HODL,ZEPH,CNT,APX,DP,PKB,OPC,OPC,IXC,ANC,TRCT,ANC,ANC,PURE
575,MOIN,DP,ITT,CMPCO,FLT,ITT,GOOD,GOOD,DCY,ELTCOIN,STAK,OPC,APX,42,ELLA,PURE,NOBL,ETBS,AHT,YOC
576,UNIFY,EPY,MEC,GCN,STAK,DCY,ERC20,LDOGE,CTX,DCY,CARBON,XFT,IXC,APX,ERC20,EFYT,EBST,STAK,IXC,ZEPH
577,HAL,XCPO,CBX,DNR,LDOGE,TTC,DNR,YOC,RAIN,CARBON,CJ,ADZ,STU,FOR,CARBON,IXC,PKB,CARBON,ADZ,NOBL
578,HOLD,ERC20,DCY,DAR,DNR,STAK,ELTCOIN,STAK,ELTCOIN,NDC,BASH,ANC,RAIN,GRE,NDC,OPC,PING,EFL,EFL,DAY
579,YOC,ITT,POP,ECASH,DP,UNIFY,ITT,ADL,YOC,CJ,RAIN,IXC,CARBON,NDC,EQT,EPY,PURE,XFT,PLC,XMG
580,ITT,XCN,CMPCO,HAT,CMPCO,GIM,V,BRO,CBX,BASH,DCY,EPY,ELE,ZEIT,OPC,BASH,QRK,PKB,BLU,MBRS
581,XLC,ZEIT,GRE,GIM,RIYA,LINX,RKC,XCN,XLC,OPC,EPY,MBRS,ELTCOIN,YOC,BUN,FYN,BLU,V,ETBS,PKB
582,STA,CDN,BRO,ERC20,MEC,PBT,MEC,RKC,STAK,FLIK,ANC,GRE,CNT,ERC20,ELTCOIN,STU,OPC,PLC,MBRS,QRK
583,GCC,SCORE,UNIFY,V,GIM,CTX,NDC,NKA,DNR,BLU,ITT,CNT,ADZ,RAIN,DP,NDC,YOC,EBST,PKB,SMLY
584,DAR,STA,RIYA,PBT,MCAP,FLT,CPAY,DCY,ERC20,STAK,LINX,ITT,PBT,PING,APX,TRCT,IXC,YOC,OPC,OPC
585,RNS,CRM,INSN,ITT,POP,ERC20,LINX,ITT,PBT,ITT,FLIK,ZEIT,EPY,MOIN,EPY,FOR,NDC,ELLA,FOR,ELLA
586,ADZ,ICOO,MOIN,UNIFY,DAR,POP,GJC,LINX,CPAY,CBX,PBT,RAIN,FOR,IXC,BASH,LDOGE,MBRS,LDOGE,ZNY,EFL
587,FJC,ADZ,VIDZ,MEC,CTX,RKC,DCY,DNR,FYN,PBT,CNT,BASH,ZEIT,EPY,ANC,CDX,DAR,EQT,ELLA,VSL
588,LDOGE,ECA,ECA,EPY,PBT,EPY,PBT,UNIFY,RUSTBITS,EPY,CBX,DP,XFT,ADZ,YOC,ADZ,ELLA,STU,BASH,BLU
589,FLT,ETG,ADZ,MOIN,UNIFY,BASH,FLT,FLT,FLT,ADZ,GIM,PBT,DP,CNT,MBRS,EQT,ADZ,ELTCOIN,VTA,FYN
590,ETBS,BRO,XCPO,ZEIT,INSN,KLC,MOIN,INFX,FLIK,ANC,ADZ,WDC,CBX,PBT,ITT,ITT,ANC,QRK,QRK,ADZ
591,JET,BTA,SCORE,FLIK,BASH,MEC,LDOGE,PBT,SDC,FLT,V,KBR,GRE,XFT,RAIN,RAIN,RAIN,CDX,EBST,PLC
592,CDN,FJC,FYN,DFT,ITT,CMPCO,CMPCO,V,V,CTX,ELTCOIN,DFT,LDOGE,CBX,ADZ,V,FOR,EFYT,EPY,EBST
593,CMPCO,LGD,NET,DCY,FLIK,INSN,UNIFY,NDC,RKC,INSN,XCN,ELE,BASH,DP,MOIN,CNT,EPY,NOBL,NOBL,GRE
594,XCPO,RIYA,DFT,INSN,EPY,MOIN,CBX,EPY,LINX,RIYA,NKA,UIS,DFT,BASH,CBX,GRE,FYN,IXC,ZEIT,EFYT
595,BYC,ELE,DAR,KLN,MOIN,BRO,KBR,FJC,POP,V,OPC,CBX,FYN,RIYA,XFT,MBRS,ELTCOIN,ADZ,DFT,V
596,BTA,JET,MZC,ADZ,GRE,JNS,EPY,CPAY,UNIFY,RKC,UNIFY,DCY,MOIN,ITT,42,ELTCOIN,XFT,OPC,PURE,XFT
597,CNT,NET,MAC,BRO,BRO,DFT,INFX,DFT,ADZ,UNIFY,CMPCO,FYN,DCY,DCY,PBT,XFT,EQT,FOR,DAY,DP
598,CFT,V,ETG,OCL,RNS,ALTCOM,ADZ,ADZ,JNS,XCN,FYN,DAR,BUN,FYN,RUSTBITS,CBX,CBX,BASH,ICOO,ELTCOIN
599,ICOO,UIS,JET,NET,ECASH,AU,FJC,CBX,EPY,BRO,POP,ELTCOIN,RUSTBITS,CDX,GRE,YOC,CNT,NDC,NDC,42
600,ECASH,UNB,LDOGE,XCPO,RUSTBITS,GJC,RNS,XLC,BRO,FJC,BRO,LINX,V,XLC,FYN,ERC20,ZEIT,ZEIT,XFT,CDX
601,CRM,BYC,CRM,CDN,DFT,FLIK,POP,MEC,CARBON,FYN,CPAY,CMPCO,RIYA,LDOGE,GIM,42,42,DFT,ERC20,STU
602,LGD,SIFT,XCN,HAL,CNT,FJC,CDN,FLIK,BASH,CNT,WDC,UNIFY,LINX,ELE,LDOGE,ZEIT,BUN,CNT,42,NDC
603,NET,OCL,OCL,FYN,DCY,CPAY,DFT,FYN,RNS,DFT,FJC,FJC,XLC,TES,RIYA,PBT,DP,IFLT,CDX,ITT
604,BRO,INFX,42,ELE,FYN,ECASH,BRO,RIYA,XCN,ERC20,ARC,V,KBR,UIS,DAR,UIS,PBT,RAIN,V,DAR
605,UIS,KLN,CFT,XCN,ABJ,GRE,TTC,MOIN,DFT,CPAY,ERC20,ERC20,OCL,RUSTBITS,UIS,DP,NIMFA,ICOO,ITT,ICOO
606,V,MCRN,FJC,XIOS,NET,ADZ,XCN,RUSTBITS,RIYA,LINX,RIYA,RIYA,TRCT,UNB,EMV,RIYA,ICOO,DP,EFYT,IFLT
607,INFX,MZC,KLN,RUSTBITS,XCPO,RIYA,JET,POP,MEC,POP,XLC,POP,GIM,KBR,DCY,MOIN,V,FYN,CNT,CARBON
608,PIPL,KEK,STN,MAC,ADZ,DAR,DAR,HODL,MOIN,CMPCO,AU,GIM,RNS,DFT,CMPCO,LINX,RIYA,ITT,UIS,GJC
609,EPY,BUN,INPAY,ECA,FJC,RUSTBITS,FYN,CMPCO,GIM,LDOGE,DAR,RNS,UNIFY,LINX,CNT,KBR,MOIN,RIYA,DP,RAIN
610,ELE,IFLT,IFLT,LGD,HAL,FYN,XCPO,RNS,FJC,XLC,DFT,BRO,POP,WDC,DFT,CTX,RKC,PBT,EQT,EQT
611,BUN,STN,DSR,ETG,BYC,CNT,NET,BYC,OPC,RNS,INSN,XLC,CMPCO,GIM,LINX,DFT,DFT,42,IFLT,CBX
612,GRE,ALTCOM,ABJ,JNS,SCORE,XCN,AU,DAR,ITT,STN,MEC,CJ,ARC,OCL,UNB,DCY,CRM,UIS,STU,LDOGE
613,FYN,LNK,UIS,UNB,ELE,HAL,ECASH,TTC,BUN,DAR,FLT,ARC,CDN,CMPCO,ELE,RNS,KBR,EMV,ELTCOIN,PBT
614,UNB,TES,DFS,SIFT,ETG,NET,INSN,AU,DAR,FST,XCPO,EMV,BRO,ICOO,OCL,ICOO,LNK,CBX,DAR,OCL
615,RIYA,FYN,BYC,DSR,XCN,OCL,RIYA,ECASH,XCPO,AU,CTX,CTX,WDC,LNK,CTX,FLT,RNS,ERC20,CBX,USC
616,ZER,GRE,ELE,CFT,AU,BYC,GIM,CDN,CMPCO,MOIN,CRM,OCL,EMV,V,WDC,NIMFA,STU,MOIN,PBT,GIM
617,XCN,SAGA,RUSTBITS,INPAY,OCL,RNS,ABJ,INSN,CDN,CRM,STN,NET,ICOO,CDN,FLT,UNB,XLC,OCL,RAIN,UIS
618,SIFT,INPAY,CDN,ICOO,CDN,XCPO,HAL,XCPO,HODL,MEC,RKC,RKC,FJC,ARC,V,CJ,EMV,CRM,RIYA,CNT
619,OCL,CFT,ORB,CRM,LGD,ELE,ALTCOM,GIM,BYC,RUSTBITS,CDN,CDN,NET,RNS,ICOO,ELE,ITT,WDC,LDOGE,EMV
620,MZC,MAC,INFX,ALTCOM,IFLT,SCORE,OCL,LGD,NET,OCL,OCL,42,DAR,XCPO,XLC,WDC,DCY,DAR,OCL,CMPCO
621,KLN,DFT,LGD,MZC,KLN,LGD,RUSTBITS,UNB,LDOGE,CDN,RUSTBITS,ICOO,CTX,UNIFY,UNIFY,BUN,LDOGE,FUCK,MOIN,MOIN
622,INSN,FUCK,SMC,FJC,KEK,CDN,LGD,OCL,AU,TTC,LDOGE,XCPO,UIS,FLT,SCORE,CMPCO,FUCK,RKC,SCT,FUCK
623,FUCK,SMC,JNS,FIMK,GJC,SIFT,CFT,SCORE,NKA,XCPO,RNS,AU,FLT,FJC,SIFT,OCL,IFLT,XLC,FUCK,RIYA
624,ALTCOM,ORB,TES,AU,INPAY,FST,SIFT,42,OCL,BYC,DRXNE,FST,MEC,BRO,FST,MEC,OCL,SCT,RNS,FIMK
625,KLC,EL,KEK,INFX,MAC,BRIT,ICOO,NET,JET,EMV,FST,MEC,XCPO,DAR,IFLT,DAR,ELE,GRE,XLC,CRM
626,AU,JNS,UNB,PIPL,BTA,KLN,KLN,ALTCOM,DRXNE,ECASH,HAL,UNB,42,MEC,CDN,XLC,GIM,EPY,RKC,XLC
627,FST,MOJO,NKA,MRT,CFT,INFX,42,KLN,SCORE,NET,TTC,INSN,XCN,BTA,MEC,CDN,CTX,UNB,UNB,PIPL
628,IFLT,KURT,ALTCOM,SCORE,UNB,INPAY,FUCK,HAL,ICOO,JET,NET,BTA,INSN,CTX,KBR,UNIFY,UIS,LINX,CRM,ARC
629,CPC,AU,MRT,BTA,DSR,ETG,OPC,MAC,KLN,UIS,BTA,XCN,RKC,IFLT,XCPO,LGD,PIPL,CMPCO,LINX,RNS
630,MOJO,MRT,FIMK,ORB,PIPL,TES,PIPL,OPC,FST,UNB,ECASH,FLT,ABJ,CFT,POP,GIM,CMPCO,CTX,FIMK,UNB
631,SCORE,DGC,CCRB,VIDZ,ALTCOM,DSR,BYC,CRM,ABJ,KLN,42,TTC,CFT,SCORE,RNS,FJC,UNB,RNS,SIFT,UNIFY
632,DSR,CCRB,SIFT,ABJ,INFX,UNB,FST,ICOO,LGD,INFX,BYC,HAL,UNB,ABJ,LGD,ARC,FLT,MEC,YASH,EPY
633,ATOM,FIMK,FUCK,UIS,CRM,MZC,MZC,ABJ,INSN,42,MOIN,MZC,AU,AU,ARC,SCORE,FJC,SCORE,FJC,SKIN
634,TROLL,CPC,FST,BYC,JET,BTA,TES,CFT,CFT,LGD,UNB,NKA,DSR,BYC,FUCK,IFLT,WDC,ELE,KBR,FJC
635,KEK,ZET,ICOO,TES,TES,FIMK,UNB,FST,UNB,FIMK,BUN,BYC,FST,NET,MZC,DGC,ARC,FLT,CMPCO,SCT
636,I0C,DSR,SAGA,MBI,UIS,IFLT,BTA,DSR,INFX,ICOO,ICOO,DSR,BYC,FST,ECASH,INFX,LINX,YASH,DCY,KEK
637,SAGA,TROLL,ZENI,KEK,NKA,MAC,ELE,MZC,42,BTA,LGD,DGC,BTA,BUN,BYC,BYC,MEC,GJC,FLT,DCY
638,ETG,EBET,DGC,TRCT,42,ABJ,SCORE,JET,FIMK,DRXNE,SCORE,MOIN,PIPL,DSR,DGC,ECASH,EBET,FIMK,GRWI,WDC
639,KURT,MBI,BUN,CCRB,ICOO,PIPL,DSR,STN,IETH,MZC,UIS,CRM,ECASH,XCN,INFX,EBET,CDN,JET,UNIFY,LINX
640,ATS,MNE,BBP,IFLT,ZET,CRM,ORB,CNT,BTA,SCORE,SKC,IFLT,MBI,DGC,DSR,XCN,SIFT,CJ,PIPL,RKC
641,TES,PIPL,STRC,STN,STN,ICOO,CRM,DRXNE,MZC,HODL,SMLY,ABJ,LGD,LGD,FJC,INSN,SCORE,PIPL,GIM,MOJO
642,ZENI,TRCT,AU,SAGA,CPAY,ATS,STN,KEK,HAL,CFT,KLN,LGD,IFLT,MZC,ABJ,RKC,ECASH,DCY,ELE,ETBS
643,DGC,BTCR,NETKO,42,MZC,KEK,KEK,FIMK,ALTCOM,ALTCOM,INFX,INFX,KLN,INFX,EBET,XCPO,MZC,CDN,CTX,MZC
644,BTCRED,FC2,CORG,HTC,VIDZ,MBI,FIMK,IFLT,ETG,SMLY,PIPL,KLN,SCORE,MCRN,PIPL,PIPL,LGD,LGD,WDC,HTC
645,ZET,I0C,MBI,EL,ORB,VIDZ,MBI,BUN,TTC,HAL,MZC,SCORE,INFX,POP,XCN,LNK,XCN,FJC,ARC,JET
646,MRT,FST,TRCT,FST,FST,42,UIS,ETG,IFLT,MAC,KEK,CFT,SIFT,SIFT,BTA,CRM,DGC,BYC,NIMFA,ELE
647,BIGUP,GRWI,ACE,BBP,MRT,CCRB,SDC,BTA,SMLY,SIFT,ABJ,SIFT,TTC,INSN,AU,MZC,BRO,MZC,USC,KBR
648,ACC,TKR,GRWI,BUN,CCRB,ORB,MCRN,UIS,MCRN,CCRB,DSR,DRXNE,JNS,ECASH,KLN,FST,BYC,SKIN,BTA,GRWI
649,DAXX,NKA,HODL,EOT,SAGA,STN,BUN,PIPL,EMV,ELE,LANA,STN,DGC,KLN,HTC,HTC,HTC,NIMFA,XCN,FLT
650,MCRN,STARS,FC2,GRWI,FUCK,CFT,HTC,TES,HTC,PIPL,DGC,SKC,STN,USC,INSN,BTA,USC,USC,MZC,ATS
651,ORB,HODL,TROLL,ZET,HTC,ZET,MAC,GRWI,UIS,ETG,MBI,SKIN,CJ,HTC,CORG,ETG,HPC,XCN,ABJ,BTA
652,XCXT,EMV,EBET,DFS,ATS,TRCT,BLAS,TRCT,MAC,DGC,DAXX,HTC,SKC,FUCK,UNI,KLN,XCPO,HTC,INSN,SCORE
653,XPD,NETKO,ATS,CORG,GUN,UIS,CCRB,SMLY,TES,DSR,HTC,ECASH,HAL,HAL,HAL,USC,ABJ,GIM,ACE,BRO
654,VISIO,DEM,ZET,FC2,BBP,GRWI,ZET,VIDZ,CRM,ARI,ZET,PIPL,MCRN,MBI,STN,EMV,BTA,KBR,CDN,BYC
655,MAC,BTB,XCXT,SMC,TRCT,MRT,ATS,CCRB,ECASH,JNS,ALTCOM,TRCT,SKIN,PIPL,USC,JET,CJ,ARC,AU,POP
656,EBET,ATOM,AMS,NETKO,XCT,HTC,CNT,CORG,ELE,TRCT,CFT,MCRN,MZC,STN,MBI,SKIN,DSR,BTA,CCRB,INSN
657,GRWI,XCXT,ITI,ZENI,BUN,LDOGE,SUPER,ELE,CCRB,IFLT,GAIA,KEK,FUCK,BBP,BRO,POP,CFT,DGC,SKIN,CDN
658,JNS,FCN,MNE,JET,MBI,BLAS,SAGA,SDC,PIPL,SKIN,TRCT,LDOGE,CCRB,EBET,ATS,NET,AU,XCPO,LGD,FST
659,EMV,BBP,LOG,DGC,YASH,SAGA,VIDZ,JNS,KEK,ZENI,GRWI,ALTCOM,BPC,GRWI,CRM,ABJ,INFX,DFS,KEK,LGD
660,TRCT,ZENI,DEM,FUCK,DGC,OPC,IFLT,ATS,SIFT,INPAY,JNS,FUCK,DRXNE,GUN,INPAY,STN,KLN,INFX,CJ,CTX
661,MBI,ITI,KURT,UTC,SIFT,ACE,BTCR,YASH,TRCT,TES,CCRB,ZET,STRC,CORG,SDC,SIFT,KEK,SIFT,XCPO,SDC
662,HTC,POS,SKIN,STRC,ACE,KBR,GRWI,ZENI,VIDZ,KEK,LNK,JNS,INPAY,SDC,KEK,BLAS,POP,AU,POP,CCRB
663,NETKO,NUKO,SDC,TTC,I0C,DGC,TRCT,BRIT,FUCK,MCRN,HODL,CCRB,GRWI,JET,SKIN,SKC,NET,POP,JET,ACE
664,GUN,IETH,CPC,CFD,GRWI,TIT,YASH,BTCR,BIGUP,SDC,STRC,INPAY,JET,LANA,GRWI,GRWI,UNIFY,HPC,BRO,CJ
665,CCRB,CFD,NUKO,ACE,TROLL,BBP,ACE,STRC,STN,GRWI,Q2C,ACE,ZET,INPAY,ORB,BRO,INPAY,UNIFY,FST,XCPO
666,FCN,CORG,Q2C,LOG,DAXX,SDC,ARI,DGC,ATS,PIGGY,FUCK,GRWI,KEK,SKC,ACE,KEK,GRWI,ECASH,SCORE,INFX
667,BTCR,XPD,MCRN,CPC,TKR,ZENI,ETG,SIFT,INPAY,VIDZ,SKIN,GUN,CORG,SKIN,TTC,SDC,SKIN,KEK,BYC,CFT
668,TTC,STRC,UTC,ITI,JNS,YASH,I0C,ZET,ZENI,KOBO,INPAY,DAXX,CRM,STRC,NET,FUCK,SDC,SKC,SKC,INPAY
669,MNE,DFS,TKR,ATS,SKIN,I0C,DGC,ORB,SKIN,ATS,PIGGY,HODL,PIGGY,BPC,RKC,ATS,ETG,LNK,INFX,MEC
670,ENT,Q2C,I0C,I0C,ZENI,TROLL,MRT,SKIN,I0C,STRC,ZENI,XPD,HODL,EMV,ETG,TTC,ATS,BRO,DGC,XCN
671,HODL,ATS,CFD,XCXT,DFS,GUN,ZENI,PIGGY,ZET,FUCK,JET,UTC,BIGUP,KEK,BLAS,STRC,EBCH,ACE,INPAY,AU
672,NUKO,BIGUP,ATOM,IETH,BTCR,LNK,Q2C,MBI,DGC,ZET,UTC,EBET,ATS,TTC,ROC,DSR,TTC,FST,TTC,SKC
673,WHL,ROC,BTB,Q2C,LOG,FUCK,DRXNE,SAGA,CJ,BUN,ORB,Q2C,KOBO,ORB,ZET,AU,INSN,GRWI,EBET,SIFT
674,DFT,42,IETH,SKIN,STRC,SKIN,SMLY,BLAS,GRWI,SUR,TES,CORG,MRT,ZET,PIGGY,ORB,KOBO,KLN,LNK,ZET
675,FC2,DAXX,DAXX,DAXX,CPC,KOBO,SKIN,XCXT,SUR,ITI,SUR,MAC,BLAS,MDC,LNK,ZET,ORB,ETG,ETG,ETG
676,XBL,UTC,PIPL,KURT,UTC,BTCR,STRC,Q2C,KOBO,GUN,SMC,PIGGY,GUN,PIGGY,ZENI,MNE,BLAS,ATS,ORB,DSR
677,INPAY,SDC,HBN,DEM,SMC,STRC,GUN,UTC,PIGGY,YASH,ELE,BIGUP,ZENI,HODL,GUN,ACE,ZET,INSN,ECASH,KOBO
678,DFS,BTCRED,XPD,XBL,FC2,NETKO,EBET,MRT,SHORTY,SMC,GUN,STRC,ACE,UTC,STRC,ZENI,ROC,NET,BLAS,LNK
679,BBP,SKIN,BTCRED,WGO,Q2C,CPC,LOG,TROLL,YASH,MRT,YASH,ITI,CFD,GAIA,CCRB,ROC,SMC,STN,ZENI,MBI
680,SKIN,AMS,BTCR,SDC,SDC,MDC,XJO,NETKO,STRC,EBET,MNE,BRIT,ORB,ZENI,UTC,BBP,FST,ORB,ATS,TTC
681,ROC,BPC,GAIA,OTX,MAX,OTX,TROLL,SHORTY,XCXT,UTC,ATS,SMC,LOG,CRM,JNS,HODL,ZENI,SMC,EBCH,NIMFA
682,Q2C,SMLY,AIB,EBET,KBR,DRXNE,ITI,GAIA,MNE,XCXT,SIFT,LANA,SHORTY,I0C,SHORTY,UNI,STN,ZENI,DSR,LANA
683,YASH,TRI,TTC,CCO,SHORTY,LOG,PIGGY,GUN,DSR,MNE,BTB,SUR,SAGA,ATS,KOBO,PIGGY,DRXNE,BLAS,ROC,KLN
684,TKR,TTC,PIGGY,TKR,TTC,IETH,SHORTY,AMMO,MRT,Q2C,MAC,ZENI,Q2C,MRT,CJ,UTC,ACE,ZET,SDC,SMC
685,HBN,HPC,SMLY,BTB,DEM,Q2C,JNS,LOG,ARI,LOG,NYAN,YASH,BTB,ACE,DRXNE,DRXNE,JET,EBET,ZET,ROC
686,CFD,LOG,LNK,BTCR,XCXT,PIGGY,DEM,BITS,ORB,I0C,HBN,MRT,UTC,BLAS,JET,EBCH,MNE,XCXT,SHORTY,ORB
687,LOG,XBL,XPTX,SGR,AMS,UTC,KOBO,MCRN,VISIO,MBI,IFLT,JET,ALTCOM,Q2C,HODL,CCRB,CCRB,SHORTY,KLN,ZENI
688,STRC,ARI,ARI,GUN,IETH,XCT,CPC,ITI,GAIA,ORB,MRT,GAIA,ERY,CFD,KURT,MRT,MBI,ROC,Q2C,BLAS
689,OTX,VLT,KOBO,BRIT,VISIO,FC2,FC2,DEM,Q2C,FC2,ETG,BLAS,ITT,BITS,SKC,KOBO,BPC,KOBO,SMC,YASH
690,PIGGY,IMS,EL,KBR,KURT,LANA,BITS,USC,ITI,SAGA,ACE,NYAN,I0C,LOG,LOG,LANA,SHORTY,DSR,MEC,ABJ
691,UTC,TIT,DRXNE,BPC,LNK,EBET,NETKO,MDC,GUN,DEM,VIDZ,LOG,GAIA,KOBO,YASH,YASH,HAL,HAL,DFS,BPC
692,TRUMP,GAIA,BPC,BTCRED,PIGGY,DFS,FUNC,KOBO,UTC,LANA,SDC,MNE,MAC,BTB,BPC,GUN,MRT,ABJ,CFT,EBET
693,IETH,VISIO,SHORTY,ATOM,BTCRED,SMLY,MNE,NTO,SAGA,BTCR,ITI,SHORTY,ITI,YASH,BTB,HAL,YASH,ITI,PIGGY,STN
694,SMLY,MAX,CUBE,XPD,TSE,XCXT,BBP,ACE,BLAS,CRAVE,ARI,BTB,SMC,RKC,808,JNS,UTC,HODL,HPC,MRT
695,DLC,KOBO,HPC,NEWB,HODL,AMMO,UTC,MNE,LOG,BRIT,DEM,ATS,MNE,DRXNE,NEWB,SMC,ITI,STRC,KOBO,BBP
696,BTB,BITS,YASH,MNE,XPD,BITS,LNK,I0C,DEM,OTX,BIGUP,ARI,SDC,SMC,MAC,LOG,PIGGY,MAC,NET,GB
697,MAX,PIGGY,XBL,GAIA,BTB,VISIO,BRIT,DFS,HBN,BTB,MCRN,TES,YASH,ERY,CFT,BPC,XPD,SDC,STRC,STRC
698,ETHD,YASH,VISIO,MAX,BITS,BTCRED,XCXT,VISIO,FUNC,CPC,RBT,ETG,TES,CJ,MRT,ITI,JNS,BTB,NEWB,NET
699,XIOS,GUN,XJO,SMLY,NETKO,DEM,BTB,NYAN,BITS,BUCKS,TROLL,OTX,CPC,BLC,BBP,I0C,HODL,TTC,BBP,BTB
700,GAIA,SHORTY,MAX,KOBO,SGR,MCRN,MDC,BTB,TROLL,GAIA,I0C,SDC,DEM,DEM,I0C,GAIA,I0C,BPC,BTB,DGC
701,DEM,HBN,CCO,SHORTY,SMLY,AMS,LANA,FCN,BRIT,BITS,KURT,I0C,LANA,VIDZ,ITI,CFT,UNI,UNIC,STN,UNI
702,CORG,USC,TRUMP,AMS,CFD,FCN,VISIO,BPC,ACE,ACE,LOG,ORB,NYAN,BIGUP,VIDZ,MDC,LANA,UNI,DRXNE,DRXNE
703,42,RBT,BUCKS,TRI,EBET,XBL,BPC,CPC,SMC,LNK,POS,VIDZ,RBT,MNE,Q2C,XCXT,GUN,CFT,BTCRED,MAC
704,LANA,ACC,WHL,BITS,ITI,DAXX,USC,OTX,XBL,DFS,EBET,SAGA,EBET,CCRB,GAIA,DEM,STRC,DRXNE,BPC,BXT
705,DRXNE,LANA,WGO,BLAS,BRIT,SMC,XBL,XBL,MDC,XBL,CPC,KURT,ATOM,ITI,SMC,BTWTY,FC2,XPD,LANA,DFS
706,LNK,NYAN,VLT,TROLL,FCN,TKR,NYAN,LANA,FC2,VISIO,KOBO,LNK,SUR,CPC,MNE,FC2,XCXT,MNE,UNI,EBCH
707,BRIT,CCT,OTX,HODL,XBL,ITI,TIT,ARI,USC,HBN,BLAS,KOBO,XBL,MAC,CFD,BTB,DEM,LANA,MBI,DEM
708,WGO,CV2,BRIT,YASH,BLAS,MAX,IETH,EBET,888,MAX,BTCR,ATOM,FCN,NYAN,LANA,FCN,NEWB,EBCH,HAL,FC2
709,XJO,WGO,POS,B@,LANA,ATOM,NUKO,ATOM,BTB,BLAS,XCXT,CPC,BITS,BRIT,XCXT,HBN,SKC,BITS,SUR,HAL
710,SMC,VC,SGR,DRXNE,STARS,BTB,SMC,VTA,EBET,FUNC,FCN,HBN,NETKO,TROLL,CPC,OTX,BTCR,PIGGY,BTCR,BTCR
711,BPC,BRIT,POST,OPAL,EL,MNE,FCN,SMC,DFS,DAXX,SAGA,RBT,UNI,VISIO,BITS,B@,BTB,CCRB,XCXT,HODL
712,KOBO,DLC,SUPER,MCRN,USC,KURT,XPD,FC2,MBI,BTCRED,VISIO,DEM,TROLL,FCN,DEM,SCT,SCT,SUR,FC2,SHORTY
713,SDC,CCO,TRI,LNK,ARI,FUNC,DFS,TRI,CPC,USC,DFS,TKR,OTX,ETG,HBN,MAC,SUR,BTCR,MRT,HPC
714,AMMO,SUPER,TSE,FCN,MNE,JET,BTCRED,DAXX,FCN,FCN,USC,NETKO,DAXX,TRI,BTCR,BITS,BBP,FC2,ITI,Q2C
715,USC,TRUMP,FCN,CRX,AMMO,XIOS,OTX,BTCRED,BPC,TROLL,BITS,FCN,ETG,SUR,FC2,CFD,HBN,MRT,BITS,TRUMP
716,ZCG,AMMO,ACC,ARI,DRXNE,NYAN,DAXX,IETH,CORG,NYAN,FC2,TROLL,KURT,HBN,XPD,KURT,OTX,Q2C,DEM,PIGGY
717,BITS,SGR,GUN,TRUMP,BIGUP,ARI,TRI,BBP,B@,CORG,XCT,BITS,LNK,FC2,SCT,SHORTY,B@,DEM,XPD,WTT
718,CCO,DRXNE,TIT,PIGGY,NUKO,BUN,AMMO,MAX,NETKO,IETH,CORG,FC2,HBN,DFS,BTCRED,HPC,MAC,VISIO,I0C,NETKO
719,PASL,OTX,BIGUP,VLT,ATOM,CFD,XCT,HBN,XJO,XJO,NEWB,BTCRED,BTCRED,BTCR,B@,TRI,VISIO,LOG,MAC,ITI
720,NYAN,TRK,CV2,BLC,NYAN,MOJO,GAIA,SGR,LANA,B@,NETKO,FUNC,FC2,ATOM,XJO,VISIO,MDC,MOTO,HODL,UNIC
721,SGR,PASL,ROC,NKA,GAIA,TRI,HBN,XJO,NYAN,ABJ,FUNC,DFS,NEWB,NETKO,VISIO,NEWB,UNIC,HBN,MCRN,HBN
722,POS,CUBE,LANA,LANA,POS,POS,KLC,TIT,OTX,RLT,BTCRED,XBL,VIDZ,EBCH,EBCH,MBI,TROLL,GUN,NYAN,FCN
723,ARG,C2,BLAS,HBN,WGO,GAIA,XIOS,CCO,DAXX,BBP,XBL,UNI,BTCR,BTCRED,SUR,XPD,BITS,UTC,VISIO,ATOM
724,CJ,GB,PR,PHS,MDC,TRUMP,ATOM,XPD,AMS,UNIC,XPD,VISIO,XPD,XBL,IETH,BTCRED,WGO,FUNC,FCN,TRI
725,AMS,FUNC,GRIM,CCT,CCN,PR,TKR,HPC,BTCR,BIGUP,RLT,MAX,EBCH,SHORTY,NETKO,SUR,FCN,I0C,HBN,MNE
726,ACC,CJ,RBT,CUBE,OTX,CRX,KURT,KURT,ONX,MDC,BRIT,AMS,808,SAGA,UNIC,TROLL,FUNC,INPAY,CFD,BITS
727,FIMK,DIX,ZCG,NYAN,BPC,BPC,TRUMP,FUNC,ATOM,NETKO,MAX,NEWB,VISIO,OTX,ATOM,ATOM,BTCRED,NYAN,LOG,I0C
728,C2,POST,WTT,FUNC,TRI,XPD,WGO,TKR,HPC,888,OTX,BUCKS,MAX,XPD,MDC,NYAN,LOG,B@,MNE,UTC
729,MONK,BLAS,CCT,808,TRUMP,SGR,CNO,TRUMP,BBP,KURT,XJO,BPC,ARI,UNIC,WGO,Q2C,CFD,FCN,UNIC,KURT
730,CCT,XJO,SONG,HPC,WHL,ARC,CFD,XCT,NTO,NUKO,SDRN,OPAL,FUNC,NEWB,OTX,XJO,TKR,NEWB,KURT,RLT
731,BCF,WHL,HTC,NUKO,KOBO,TGC,UNIC,GB,MAX,TKR,MDC,SDRN,USC,RBT,DFS,WGO,XJO,GAIA,DAXX,VISIO
732,SUPER,ETHD,AMBER,BUCKS,HPC,NKA,AMBER,CV2,BTCRED,SHORTY,IETH,TRI,XCXT,DAXX,TROLL,UNIC,Q2C,MBI,GB,CFD
733,STARS,RED,NYAN,RBT,CORG,CORG,MAX,FUCK,WGO,HPC,SHORTY,CUBE,DFS,XCXT,FUNC,VIDZ,ATOM,NETKO,UTC,XCXT
734,TRI,HTC,B@,VISIO,DSH,ACC,HPC,888,XPD,TRI,TRI,888,RLT,XJO,FCN,RLT,KURT,CFD,TKR,SUR
735,HPC,OPAL,USC,ROC,MCRN,WGO,SGR,UNIC,TKR,MNC,BUCKS,XJO,GB,TKR,DAXX,INPAY,GAIA,808,NETKO,ECASH
736,KUSH,BUCKS,XIOS,ZCG,HBN,CJ,CCO,POS,SDRN,NEWB,888,AMBER,BRIT,GB,GB,IETH,NETKO,KURT,RLT,OTX
737,RBT,BCF,GB,PXC,CUBE,DSH,ETHD,CRX,KURT,WGO,HPC,TRUMP,TRI,KURT,NYAN,BIGUP,RLT,BTCRED,MDC,NEWB
738,ITI,BLOCKPAY,888,WHL,XPTX,CUBE,POS,WGO,GB,ATOM,ATOM,RLT,888,TRUMP,TRUMP,MOJO,EL,NUKO,HTC,LOG
739,TIT,WTT,MOJO,DSH,CJ,SHORTY,PR,XIOS,TRI,TRUMP,BBP,AMMO,BBP,TIT,ARI,808,WTT,WTT,TRI,TROLL
740,CV2,DSH,BITS,MOJO,PXC,STARS,CORG,CNO,RLT,XPTX,BPC,XCXT,BUCKS,WTT,TRI,GB,TRI,TRI,IETH,XPD
741,GB,XPTX,AMMO,XPTX,CV2,HBN,CRX,SUPER,UNIC,POS,WTT,UNIC,RMC,WGO,AMBER,BTCR,DFS,GB,WTT,BTWTY
742,PXC,PAK,VTA,STARS,CCO,NUKO,BLC,CFD,CUBE,AMMO,WGO,WGO,TRUMP,BTWTY,AMS,DFS,IETH,BBP,NUKO,WGO
743,RED,SIGT,UNY,CCN,ETHD,CCN,WTT,AMS,TIT,SDRN,TRUMP,SUPER,AMBER,FUNC,BRIT,NETKO,NYAN,XBL,GUN,TKR
744,BLOCKPAY,8BIT,SIGT,UNIC,WTT,XJO,DSH,CJ,CFD,STARS,TKR,WTT,NUKO,IETH,HPC,DSH,BTWTY,TROLL,BTQ,FUNC
745,PAK,STS,8BIT,USC,RBT,BXT,AMS,WTT,XCT,UNI,XPTX,IETH,WGO,BUCKS,RBT,FUNC,BUCKS,BLOCKPAY,EL,GUN
746,SIGT,CRX,DSH,RED,XJO,USC,CJ,HTC,SGR,BPC,GB,NTO,XJO,AMBER,LTB,AMBER,SAGA,BXT,BLOCKPAY,BIGUP
747,SHORTY,AIB,CHAN,AMMO,GB,ETHD,ARG,NUKO,CRX,SGR,CRX,POS,TKR,RLT,BLC,888,LEA,AMMO,TROLL,EL
748,XPTX,PXC,DIX,SIGT,ACC,EL,ACC,LNK,STARS,OPAL,PAK,BBP,UNIC,SUPER,RLT,BLC,VIDZ,MDC,WGO,ACC
749,WTT,XGR,RED,ACC,TIT,WTT,888,PR,AMMO,NTO,UNI,GB,AMS,OPAL,SAGA,TRUMP,CCT,RLT,BXT,GAIA
750,TRK,ZCG,OPAL,GB,ZCG,KUSH,GB,CCT,LNK,WTT,LTB,HPC,HTC,ARI,WTT,TKR,TRUMP,OTX,GAIA,NYAN
751,POST,XHI,PAK,WTT,BLC,CCO,BUCKS,TSE,POS,GB,TGC,XPTX,GRIM,MAX,TKR,EL,GB,TKR,ATOM,VIDZ
752,BLAS,EVIL,BLOCKPAY,8BIT,OPAL,WHL,CCT,BUCKS,NEWB,CRX,TSE,WHL,OPAL,HPC,CHAN,ACC,BLC,XJO,OPAL,MCRN
753,BTWTY,XIOS,FUNC,POS,VLT,RBT,RBT,SDRN,WTT,HTC,WHL,TIT,ACC,XPTX,BUCKS,WTT,GLT,VIDZ,MOTO,SAGA
754,8BIT,GRIM,UNI,TIT,GRIM,VLT,SIGT,DSH,UNI,TIT,TIT,SGR,BLC,WHL,DSH,SAGA,TIT,ATOM,VIDZ,MDC
755,OPAL,UNY,STS,UNY,SIGT,COXST,8BIT,BTG,OPAL,XPD,OPAL,MOJO,MDC,BLOCKPAY,CCO,TIT,TSE,EL,XBL,PR
756,PR,ARG,XHI,SUPER,ROC,HPC,XPTX,ZCG,TRUMP,MOJO,KUSH,EBCH,IETH,CCT,BTQ,DAXX,CUBE,MCRN,HERO,HERO
757,DIX,FNC,STARS,CJ,CRX,PHS,OPAL,PCOIN,RBT,GRIM,CFD,USC,BTWTY,GRIM,SGR,XPTX,RBT,IETH,XGR,BTCRED
758,BUCKS,B@,XGR,ETHD,SUPER,OPAL,STARS,XPTX,SUPER,DSH,DSH,PAK,XPTX,TSE,BTWTY,RBT,CNO,WGO,CCO,MOTO
759,FNC,ONX,ETHD,BCF,CCT,CNO,PAK,EBCH,CCO,RBT,CNO,DSH,HPC,ACC,XBL,CCT,BLOCKPAY,TRUMP,SLG,DAXX
760,STS,888,DLC,POST,KUSH,GRIM,PXC,VC,BUCKS,TSE,SGR,CCT,POS,CUBE,WHL,NUKO,WHL,BIGUP,CCT,BITZ
761,CRX,KED,BCF,XJO,BUCKS,CCT,EL,ETHD,GRIM,CCO,AMMO,TRK,WTT,FLY,ERY,CUBE,MOTO,XPTX,TRUMP,HAT
762,FUNC,UNI,UNIC,CV2,BCF,XPTX,VLT,PXC,PCOIN,ZCG,MNM,ACC,SUPER,888,BLOCKPAY,PAK,PAK,RBT,GLT,SLG
763,ONX,XPY,CJ,FNC,AMBER,UNIC,KUSH,CUBE,SIGT,CFD,NUKO,MDC,TIT,CNO,TIT,SGR,VLT,SLG,XJO,AMBER
764,UNY,PR,ONX,XHI,RED,GB,BXT,UNI,NUKO,EL,UNIC,RED,WHL,BXT,XPTX,ARI,BRIT,BLC,XPTX,BTSR
765,ARI,XCT,MNM,HERO,UNIC,TSE,TSE,POST,XPTX,KUSH,TRK,TSE,NTO,PAK,MAX,BRIT,SLG,MOJO,SUPER,CCT
766,XHI,KUSH,RMC,UNI,XHI,SUPER,WHL,RBT,DSH,XCT,GRIM,BTWTY,AMMO,AMS,HAT,ARG,ARI,PR,BITZ,XBL
767,XGR,SLG,PXC,888,XIOS,BUCKS,LTB,OPAL,MOJO,CUBE,ACC,BTCR,TSE,NUKO,CCT,SUPER,808,SAGA,BRIT,TALK
768,EL,AMBER,ARG,BLOCKPAY,8BIT,SIGT,RED,MOTO,TSE,SUPER,CUBE,CFD,SDRN,TRK,SUPER,TRK,DSH,BTSR,BIGUP,TIT
769,XCT,MNC,C2,STS,EOT,PXC,CCN,BLC,CCT,ACC,XRE,PR,CCT,POS,CUBE,WHL,SGR,OPAL,888,BUCKS
770,DSH,CNO,SLG,KUSH,MOJO,UNI,AIB,8BIT,DDF,PAK,BLOCKPAY,DDF,PAK,DSH,OPAL,GRIM,ACC,SUPER,CRX,XJO
771,UNIC,CACH,PCOIN,AMBER,POST,ZCG,BCF,CCN,KUSH,WHL,CRAVE,XHI,SGR,LTB,TSE,AMS,AMBER,BITZ,BUCKS,XPTX
772,CHESS,MNM,808,XPY,YTN,AMBER,CV2,KUSH,EL,CNO,SIGT,LTB,PR,CRAVE,ACC,BLOCKPAY,DAXX,BUCKS,JNS,GLT
773,CHAN,XRA,BXT,ONX,STS,RED,BLOCKPAY,AIB,CNO,CV2,PCOIN,KUSH,ZCG,PXC,888,OPAL,HERO,ACC,PAK,SGR
774,VLT,PCOIN,KED,PR,FUNC,BLC,SLG,ACC,CV2,ARG,EBCH,BLOCKPAY,SIGT,NTO,CNO,HAT,XCT,VLT,FUNC,NUKO
775,AIB,CON,CRX,DIX,C2,XHI,XHI,XHI,PR,PR,BLC,CCO,CNO,XCT,GRIM,VLT,XBL,BRIT,HAT,WHL
776,EUC,808,FNC,CHAN,BLOCKPAY,888,DLC,GRIM,ARG,DDF,8BIT,NUKO,KUSH,HAT,PAK,XBL,GRIM,CCT,TOKC,SUPER
777,UNI,UNIC,BTWTY,XCT,FIMK,PAK,TGC,SIGT,PAK,PCOIN,STARS,CRAVE,BLOCKPAY,SGR,BXT,CNO,XRE,BTWTY,WHL,RBT
778,B@,TGC,CCN,ARG,888,8BIT,GRIM,DLC,VLT,XHI,HAT,TGC,XHI,VLT,BIGUP,MAX,PXC,TGC,BTWTY,PAK
779,EOT,SRC,TAG,PAK,UNI,CV2,FNC,BCF,PXC,ETHD,SUPER,SIGT,DSH,EL,VLT,NTO,888,TIT,TIT,IETH
780,XPY,CHAN,HERO,TGC,HAT,FNC,CUBE,EL,ICN,SIGT,CCT,BXT,EL,808,XHI,PXC,SUPER,PAK,8BIT,BLC
781,LTB,EGAS,JIN,BXT,PHS,STS,PCOIN,RLT,ACC,CCT,AMS,XCT,XCT,ALTCOM,TGC,STS,SIGT,HERO,POS,808
782,PCOIN,JIN,KUSH,GRIM,ONX,ARG,XPY,BTWTY,SPACE,AMS,XHI,XIOS,TRK,XHI,EL,VC,ICN,TRK,MOJO,MAX
783,888,CCN,CYP,BTWTY,BTSR,YTN,ROC,C2,WHL,TGC,PR,CNO,FLY,SIGT,STS,SLG,CCO,ARI,BLC,BLOCKPAY
784,GRIM,SONG,TGC,SLG,UNY,BCF,RLT,WHL,XHI,RED,EL,BLC,CRAVE,TGC,PCOIN,LTB,NTO,AMBER,ARI,SIGT
785,EGAS,RMC,IMS,CNO,FNC,CASINO,ONX,PAK,STS,BTWTY,ZCG,SLG,FIMK,XPY,PR,FLY,ZCG,888,XCT,888
786,808,LCP,EOT,COAL,PR,ONX,BTWTY,EOT,AMBER,XIOS,XRA,PCOIN,LTB,AMMO,NTO,PR,HAT,JNS,808,TRK
787,LCP,COAL,XPY,C2,PAK,EOT,MOJO,STARS,SLG,8BIT,BTWTY,VLT,J,CCO,SIGT,CCO,AMS,PXC,SIGT,TGC
788,AMBER,BTWTY,ICN,RMC,XPY,BIGUP,NTO,ARG,ETHD,VLT,ICN,STS,VLT,PCOIN,PXC,KUSH,PR,SIGT,SGR,ZCG
789,BTPL,CHESS,NTWK,IMS,ARG,ZZC,UNI,SLG,BLC,AMBER,XIOS,HAT,HAT,KUSH,TRK,TGC,MOJO,CNO,TALK,8BIT
790,NTO,EOT,NEWB,MNC,808,FLY,CASINO,AMBER,XGR,STS,VLT,GRIM,MOJO,XIOS,DDF,TSE,TGC,TSE,SAGA,ARI
791,TAG,CNNC,VOT,PCOIN,TGC,HAT,FLY,RED,ROC,HERO,STS,8BIT,PCOIN,SDRN,RED,BUCKS,OPAL,WHL,MAX,PXC
792,MNM,YTN,EUC,BTSR,IMS,B@,XGR,MOJO,8BIT,SLG,SLG,FIMK,SLG,DDF,SLG,XCT,XPY,HAT,NTO,CNO
793,SLG,MARS,XRA,XRA,XRA,POST,PHS,LTB,ZCG,XPY,PXC,ICN,ICN,SLG,SDRN,SIGT,BIGUP,DAXX,TRK,AMMO
794,HNC,VOT,CNO,LCP,ICN,BLOCKPAY,808,EVIL,RED,FNC,CCO,HERO,BXT,MOJO,8BIT,8BIT,TRK,GLT,PR,XHI
795,TGC,XRE,RLT,YTN,RLT,LTB,EVIL,FNC,FLY,EBCH,FLY,XPY,XPY,PR,XPY,HERO,XPTX,LEA,CNO,FLY
796,CCN,GAP,LTB,BITBTC,NTWK,C2,CHESS,VLT,MOTO,BLC,ETHD,ETHD,TGC,ROC,FLY,SRC,LTB,CCO,BTSR,OPAL
797,GAP,NTO,DDF,MNM,NEWB,XPY,EBCH,ROC,TGC,HAT,MOJO,ROC,DDF,BERN,MCRN,XRE,ASAFE2,TOKC,XHI,SDRN
798,BTQ,DUO,EVIL,TAG,CHESS,DIX,XRA,FLY,HERO,ROC,CHAN,CASINO,HERO,EOT,XCT,ZZC,KUSH,DSH,AMBER,TOKC
799,XRA,LTB,XCT,DDF,XGR,808,STS,ONX,XPY,CHAN,DDF,PXC,8BIT,STS,ETHD,XPY,FLY,SGR,LTB,PCOIN
800,COAL,DALC,QTL,RLT,HERO,BTWTY,C2,XPY,BLOCKPAY,POST,NTO,CHAN,XIOS,HERO,ICN,PCOIN,8BIT,XRE,TGC,POS
801,CUBE,TSE,BTSR,TSE,ZZC,RLT,CHAN,BLOCKPAY,BTWTY,DIX,XPY,EL,PXC,J,MOTO,XHI,J,PCOIN,PXC,ZZC
802,DDF,PXI,LCP,XRE,MNM,CHAN,POST,CHAN,FNC,XGR,ONX,EVIL,ETHD,AIB,HERO,RED,XHI,8BIT,FLY,STV
803,TSE,QTL,VAL,PX,SWING,HERO,BTSR,XGR,ZZC,BCF,BCF,ARG,STARS,8BIT,BERN,MNC,TALK,TALK,GRIM,TSE
804,LBTC,NTWK,BOLI,KED,COAL,AIB,UNY,CASINO,C2,ICN,FNC,POST,CUBE,RED,CRX,DDF,NUKO,XHI,RBT,CHAN
805,SDRN,BXT,ZZC,BIGUP,CHAN,UNY,COXST,EVO,POST,EVIL,ARG,XRA,CRX,CV2,KUSH,SDRN,RED,FLY,ZCG,BTQ
806,KED,RLT,TRDT,VAL,CNO,XGR,DDF,BXT,CHAN,BOLI,POST,XGR,CV2,EVIL,J,POS,SDRN,XPY,DSH,DSH
807,YTN,BRAT,EBCH,EGAS,KED,CHESS,B@,TGC,TRDT,BUMBA,CASINO,EOT,TEK,B@,POS,ERY,CV2,STS,XPY,CCO
808,ICN,DDF,DUO,JIN,RMC,SLG,QTL,XRA,DUO,EOT,RED,ZCG,RED,XRA,NUKO,CHAN,PCOIN,NTO,PCOIN,GRIM
809,RMC,SPACE,BERN,ZZC,EVO,DLC,CYP,TRDT,BCF,BLOCKPAY,HERO,MNM,ONX,ONX,MOJO,ETHD,UET,GRIM,TSE,BRIT
810,NTWK,EUC,ZUR,BITSILVER,PCOIN,IMS,LCP,UNY,EOT,CHESS,ZZC,GAP,FNC,ETHD,DLC,BERN,ETHD,KUSH,KUSH,NTO
811,RLT,BLC,SRC,SDRN,PX,XRA,HAT,HAT,EVIL,PXC,CV2,CV2,ZZC,ZZC,CV2,MOTO,DDF,XCT,STS,KUSH
812,VOT,ICN,XRE,QTL,SLG,COAL,MNM,HERO,DIX,XRA,XGR,CHESS,POST,POST,ONX,AMMO,POS,MAX,AMMO,XRE
813,ZUR,HERO,MARS,NTO,DDF,PCOIN,COAL,STS,EBCH,C2,CCN,XRE,BTSR,MNM,ARG,BCF,MAX,SRC,ACC,UNY
814,EVIL,VAL,SDRN,ICN,TAG,EVO,ZZC,PHS,CCN,CCN,DIX,ZZC,XRE,RMC,ZZC,EVIL,CHAN,SDRN,SDRN,DDF
815,MARS,TRDT,RBIES,KAYI,DLC,DDF,TRDT,BTSR,CHESS,808,EOT,ONX,MNM,GAP,SPACE,NTWK,BOLI,POS,XRA,XCT
816,EBCH,BAS,CHESS,EMD,BTWTY,BTSR,EOT,ZZC,BOLI,MOTO,B@,DIX,EVIL,YTN,XRE,CRX,MARS,BOLI,XRE,XRA
817,EMD,BTSR,BLC,BAS,DIX,TAG,ICN,B@,MNM,ONX,BOLI,CRX,SWING,BTSR,BOLI,ZCG,BXT,ZZC,MARS,CRX
818,TRDT,BERN,KAYI,GRT,B@,NTO,HERO,MNM,MNC,ZZC,EVIL,SWING,BERN,WAY,STARS,WAY,ZZC,AMS,SRC,AMS
819,HERO,SDRN,WAY,LTB,JIN,PX,EMD,COAL,XRA,LTB,DUO,BCF,WAY,STARS,POST,ICN,BERN,XRA,ZZC,XPY
820,QTL,ARCO,BITBTC,MARS,QTL,BRAT,DIX,XRE,WAY,SWING,AMBER,WAY,GAP,MOTO,TALK,POST,SRC,ETHD,STV,LTB
821,DUO,UNITS,BTPL,RBIES,LCP,XRE,WAY,SWING,LTB,XCRE,TRDT,BERN,CHAN,BTQ,GAP,ONX,STV,POST,DDF,VAL
822,CNO,ZUR,NTO,EUC,BAS,LCP,VAL,CYP,808,WAY,BTSR,CCN,EOT,CRX,MNM,BOLI,POST,LTB,VAL,WAY
823,BERN,WAY,DALC,WAY,VAL,KED,TAG,CHESS,UNY,DLC,CHESS,MNC,CHESS,XRE,EVIL,GAP,STS,EVIL,EVIL,XGR
824,SPACE,ZZC,CON,FLY,BTPL,NTWK,ZUR,MNC,VC,UNY,MNC,MOTO,BOLI,VAL,XIOS,XRA,ARG,RED,VC,TRDT
825,UNITS,BITBTC,GAP,GAP,MAD,VAL,SDRN,LCP,HAT,611,BUMBA,BOLI,C2,TALK,AMMO,J,VAL,DDF,MAD,B@
826,HXX,MAR,BRAT,EVIL,GAP,GAP,GAP,DIX,AIB,BTQ,BERN,BITBTC,XRA,TRDT,XRA,VAL,VC,ONX,MNM,ICN
827,KAYI,KAYI,EMD,BOLI,NTO,MNM,BRAT,DDF,VAL,QTL,SWING,EMD,EMD,SWING,VAL,BTSR,CRX,ICN,ONX,GLC
828,VAL,BTQ,FLY,CXT,KAYI,ZUR,SWING,EMD,ARCO,PHS,C2,VAL,VAL,CCN,C2,BXT,WAY,CRX,ICN,STS
829,ZZC,EMD,PXI,CHESS,611,EVIL,YTN,ICN,SWING,SPACE,VAL,MAD,ARG,MNC,ZCG,MAD,MAD,VAL,WAY,TEK
830,BITBTC,BOLI,SWING,SONG,XRE,HXX,EUC,ARCO,EUC,MNM,BTQ,TAG,TRDT,ICN,WAY,MNM,NTWK,MARS,GLC,MNM
831,BTSR,BTPL,MOTO,DLC,FLY,ICN,ARCO,WAY,611,VAL,MOTO,ARCO,CCO,C2,CCN,ARCO,MNM,VC,EOT,MARS
832,BRAT,PHS,SPACE,DALC,EMD,GLC,BOLI,VAL,BTSR,HXX,WAY,DUO,TAG,ZCG,EOT,FNC,ONX,MNM,B@,EVIL
833,611,SWING,GLC,STV,LTB,QTL,DUO,GAP,BSTY,JIN,ARCO,LCP,ARCO,CHAN,BSTY,SWING,AMMO,WAY,LEA,STARS
834,MNC,HONEY,BITSILVER,SRC,BXT,BITBTC,KED,EUC,PHS,GAP,GAP,QTL,CCN,BOLI,YTN,XGR,BTSR,MAD,AMS,ONX
835,BLC,HXX,YTN,VOT,CAT,SPACE,BERN,ZUR,TAG,DUO,FIMK,FLY,TALK,BITBTC,TAG,CYP,MCRN,ZCG,BOLI,RED
836,BXT,GLC,COAL,UNITS,BITBTC,RBIES,BTPL,BIGUP,BTG,ARCO,YTN,C2,XGR,SRC,DUO,TALK,GAP,GLC,GAP,ETHD
837,XRE,RBIES,PX,MAR,EVIL,EUC,BITBTC,AERM,BERN,XRE,DLC,BSTY,LCP,CHESS,TEK,MARS,GLC,STV,RED,SRC
838,PXI,CYP,GRT,BERN,RBIES,GRT,NEWB,DUO,BTPL,TAG,QTL,MARS,MOTO,ARCO,XGR,C2,BCF,ARG,ARG,POST
839,JIN,KRONE,CNNC,EBCH,WAY,BOLI,PXI,KED,GAP,YTN,TAG,YTN,BCF,TEK,CHESS,TEK,YTN,BERN,POST,ASAFE2
840,KRONE,EBCH,MAR,DUO,SPACE,MNC,MST,BOLI,KAYI,MARS,VC,TRDT,MNC,XGR,SWING,DLC,DIX,BTG,STARS,J
841,CYP,MST,BSTY,CYP,DUO,ARCO,MARS,YTN,XRE,FLY,UNY,GLC,QTL,BITZ,BTSR,STV,TEK,ASAFE2,LCP,SPACE
842,HONEY,FLY,EGAS,611,VC,CAT,IMS,QTL,LCP,BERN,HXX,BTQ,UNY,TAG,QTL,CCN,XGR,J,YTN,EMD
843,WAY,VUC,CAT,SPACE,SDRN,DUO,RBIES,BITBTC,KED,VOT,LCP,TALK,DUO,DUO,FNC,TAG,DLC,TEK,ETHD,BERN
844,BOLI,BSTY,MNC,SWING,BERN,SWING,XRE,BITZ,DLC,BSTY,MARS,BUMBA,BITBTC,FNC,UNY,EOT,UNY,GAP,BITBTC,GAP
845,BAS,TAG,PHS,ARCO,VOT,EMD,MOTO,PXI,BITBTC,BXT,BSTY,SRC,GLC,BCF,ARCO,DIX,PXI,SPACE,J,FNC
846,DALC,PX,UNITS,VC,EUC,EGAS,UNITS,BRAT,COAL,COAL,BXT,DALC,YTN,EMD,BCF,CHESS,SWING,XGR,FNC,BOLI
847,STV,GRT,BAS,ZUR,MARS,BTPL,KAYI,MARS,VOT,BTG,BITBTC,UNY,BITZ,GLC,EMD,DUO,EVIL,DIX,MNC,PX
848,RBIES,EVO,STV,PXI,BRAT,MARS,PX,STV,BUMBA,EUC,PHS,HXX,PHS,UNITS,ALTCOM,YTN,XRA,YTN,OTX,EOT
849,MAR,J,BTQ,BRAT,HXX,J,HXX,BERN,PXI,KAYI,UNITS,KAYI,HXX,DIX,SRC,XIOS,BITZ,CHAN,CHAN,YTN
850,ARCO,SHDW,KRONE,CAT,ZUR,611,CAT,CAT,QTL,LCP,RMC,GRT,STS,MARS,RMC,MCRN,BITBTC,UNY,TAG,XIOS
851,CAT,CAT,CXT,XGR,BITZ,BUMBA,STV,BSTY,BXT,MST,EMD,FNC,VC,HXX,BUMBA,SPACE,TAG,FNC,UNY,BCF
852,FUZZ,NRO,CACH,BTPL,STV,KAYI,EVO,MST,MST,PXI,BTG,VC,SPACE,BSTY,GLC,BSTY,CHESS,CHESS,PX,CUBE
853,FLY,SH,EVO,NTWK,GRT,SDRN,611,KAYI,YTN,PX,SPACE,RMC,MARS,UNY,BITZ,EMD,CCN,TAG,NTWK,C2
854,REE,$$$,ARCO,BITGOLD,ARCO,VC,GLC,SPACE,EMD,EMD,611,UNITS,BUMBA,LCP,PX,ASAFE2,ALTCOM,PXI,BTG,VC
855,CNNC,STV,BITZ,MAD,AIB,STV,SRC,UNITS,HXX,BITZ,BITZ,PHS,DALC,PX,UNITS,RMC,TRDT,C2,CUBE,BITSILVER
856,SWING,BTG,TALK,TALK,UNITS,ROC,JIN,VOT,EVO,BITBTC,MST,BTG,PX,PHS,BTG,BITZ,PX,BITBTC,CHESS,TAG
857,BSTY,COXST,MAO,CON,SRC,TRDT,MNC,BOST,MARS,VC,KED,KED,BTG,XVP,CAT,QTL,EMD,BCF,DIX,BTG
858,QCN,MAD,BRIA,AIB,MAR,CYP,BSTY,PX,IMS,GRT,CAT,IMS,STV,QTL,STV,STARS,FNC,PX,BCF,CV2
859,VUC,TALK,RPC,CNNC,PXI,VOT,GRT,DALC,PX,CAT,PX,BITZ,611,BTPL,MARS,PX,QTL,CUBE,SPACE,ARG
860,GLT,GPL,BITGOLD,FIRE,CYP,XVP,SPACE,JIN,CAT,UNITS,J,PXI,ROC,SPACE,AIB,GLC,BTG,EMD,BITSILVER,CHESS
861,SLEVIN,MAO,HXX,RPC,CXT,EBCH,FIRE,611,JIN,KED,DALC,CAT,CAT,STV,NTWK,UNY,EOT,CV2,BERN,LCP
862,CON,MOTO,FIRE,HONEY,EBCH,BERN,CNNC,GLC,GRT,TALK,NTWK,PX,UNITS,CAT,PHS,LCP,XIOS,ALTCOM,C2,DLC
863,J,BUMBA,611,HXX,ICOB,WAY,EREAL,RBIES,UNITS,IMS,GRT,STV,BSTY,BTG,DIX,CV2,DUO,SWING,CV2,LEA
864,NRO,GLT,SCRT,BSTY,DALC,UNITS,XVP,NEWB,STV,REE,KAYI,808,BTQ,COAL,PXI,BITBTC,BSTY,XIOS,EMD,BSTY
865,PHS,EAGLE,FUZZ,CACH,BOLI,REE,ZCG,HXX,TALK,BTPL,ZUR,COAL,COAL,PXI,TRDT,BTG,LCP,CYP,XIOS,SWING
866,MAO,611,$$$,TRDT,BSTY,NEWB,HONEY,SRC,BOST,MAR,TALK,611,KAYI,NTWK,HXX,VOT,REE,LCP,ALTCOM,PXI
867,ALL,XVP,GPL,EAGLE,QCN,DALC,DALC,TALK,XVP,DALC,COAL,ERY,PXI,DALC,BITSILVER,611,CYP,BSTY,UNITS,REE
868,GLC,GP,XNG,ICOB,CPN,BSTY,ICOB,FIRE,XBTS,BRAT,EUC,REE,KED,IMS,ZUR,PXI,C2,CCN,SWING,DUO
869,SRC,XBTS,SOIL,MOTO,EAGLE,PXI,J,REE,CNNC,BTSR,GLC,RPC,REE,DLC,MNC,ALTCOM,CAT,HXX,DUO,DALC
870,GRT,MTLMC3,DRS,FRC,KRONE,SRC,BIGUP,XVP,COXST,RBIES,STV,XBTS,RBIES,BUMBA,COAL,CAT,BUMBA,QTL,PHS,KAYI
871,BTG,XCO,BUMBA,MST,SONG,ICOB,TEK,CNNC,NTWK,CNNC,808,J,GRT,EUC,VOT,HXX,ERY,EOT,PXI,UNITS
872,ICOB,BRIA,VC,XCO,TALK,BRIA,MAR,IMS,DALC,SHDW,VOT,HONEY,IMS,LEA,LCP,TRDT,KAYI,BITSILVER,TEK,MAD
873,$$$,FUZZ,XVP,BRIA,BITSILVER,RMC,REE,J,RBIES,BOST,REE,RBIES,DLC,VOT,KAYI,BITSILVER,HXX,DUO,CCN,CCN
874,XBTS,BITZ,ICE,SHDW,MOTO,QCN,BAS,TEK,J,QCN,PXI,BTPL,VOT,VC,611,IMS,ARCO,STARS,TRDT,CAT
875,MSCN,RPC,SHDW,MAO,CON,MAD,BUMBA,MAR,BRIA,STV,ROC,BITSILVER,BITSILVER,MAR,QCN,UNITS,SPACE,XVP,BSTY,611
876,LTCU,BITSILVER,BTG,GLT,SCRT,JIN,CPN,BTPL,MAR,MAD,MAR,DLC,BTPL,CYP,DALC,BUMBA,SHDW,CAT,ASAFE2,RBIES
877,EVO,ICE,J,XVP,BUMBA,SONG,MAD,TAG,MAD,CON,RPC,MST,FRC,KED,MAD,DALC,UNITS,PHS,BRAT,HXX
878,MOTO,ACOIN,MST,BITZ,CACH,CACH,SHDW,NTWK,ZUR,FIRE,RBIES,VOT,MAD,ICOB,XVP,XVP,PHS,MNC,DLC,PHS
879,ERY,QCN,ARB,EVO,SOIL,CNNC,CACH,BUMBA,FIRE,CASINO,XVP,BITGOLD,BRAT,KAYI,MST,REE,BITSILVER,KAYI,COAL,XVP
880,MAD,ICOB,CPN,BUMBA,MNC,MAR,SCRT,ICOB,EGAS,J,QCN,NTWK,MST,ZUR,BRAT,KAYI,DALC,RBIES,BUMBA,BAS
881,SCRT,FIRE,HONEY,ERY,CNNC,BTG,CON,CACH,CASINO,XBTS,MAD,EUC,SRC,MAD,ICOB,MST,IMS,BUMBA,RBIES,BRAT
882,SOIL,GPU,XCRE,QCN,XCO,SCRT,BRIA,BRIA,SRC,ZUR,HONEY,BRAT,LEA,NEVA,KED,LEA,XVP,ARCO,BITGOLD,CYP
883,BUMBA,XCRE,VUC,J,FRC,CXT,BTG,MAD,BITSILVER,ICOB,BTPL,BTSR,BITGOLD,JIN,REE,PHS,RBIES,ERY,KAYI,KED
884,AERM,REE,GLT,$$$,HONEY,BITSILVER,KRONE,808,XCRE,XVP,BITSILVER,ICOB,XVP,RBIES,EUC,GLT,STARS,ICOB,DALC,EUC
885,TALK,SFC,FRC,GLC,VUC,XCO,VOT,GRT,CACH,BITSILVER,ICOB,SPACE,XBTS,ARG,RBIES,UET,COAL,ZUR,XVP,IMS
886,CASH,ERY,ICOB,GP,J,CPN,BITZ,BITSILVER,FLAX,NTWK,CYP,XVP,EUC,BITGOLD,GLT,RBIES,611,UNITS,QTL,FIRE
887,NEVA,SOIL,BENJI,GPL,XVP,HONEY,BITSILVER,SCRT,BITGOLD,BITGOLD,BITGOLD,MAR,BRIA,611,RPC,KED,EUC,BITGOLD,HXX,ARCO
888,BIP,DRS,SPEX,VUC,BITGOLD,$$$,$$$,COXST,ICOB,BRIA,CNNC,STARS,ZUR,BRIA,VC,BRAT,BITGOLD,TRDT,CAT,BUMBA
889,PX,ALL,300,CPN,$$$,BITZ,FUZZ,CPN,BITZ,EVO,FIRE,BRIA,ICOB,RPC,IMS,COAL,BTQ,BTPL,DIBC,QCN
890,IMS,NEVA,TEK,ALL,FIRE,KRONE,QCN,BAS,BRAT,CACH,BRIA,CACH,COXST,MST,CYP,NRO,AIB,DLC,ARCO,IMX
891,XCO,CPN,XBTS,KRONE,XBTC21,TALK,CXT,BITGOLD,FRC,BAS,COXST,CYP,MAR,BITSILVER,HONEY,EUC,MNC,AIB,EUC,DIX
892,RPC,SPEX,MAY,BTQ,GLC,ALL,TALK,$$$,REE,CPN,CACH,SHDW,CON,CACH,NEVA,BTQ,KED,IMS,611,VOT
893,MTLMC3,BIP,ACOIN,XCRE,GPU,CON,VUC,QCN,BAS,FLAX,IMS,JIN,CYP,HONEY,XBTS,RPC,JIN,COAL,ICOB,EAGLE
894,GPU,TEK,SFC,OFF,GLT,EAGLE,BOST,GLT,NEVA,RMC,SRC,FUZZ,CACH,QCN,MAR,HONEY,HONEY,DALC,QCN,COAL
895,EAGLE,NEWB,QCN,SOIL,BRIA,FIRE,VC,XCO,CON,HONEY,BRAT,CPN,JIN,XCRE,YEL,BITGOLD,RPC,611,IMS,XBTC21
896,ACOIN,MAY,REE,BTG,GPL,BITGOLD,EGAS,HONEY,CXT,SRC,XCRE,CNNC,RPC,REE,CACH,AIB,QCN,RPC,VLT,RPC
897,SFC,FLAX,GP,SPEX,FUZZ,WMC,XCO,BIP,CPN,TRDT,JIN,QCN,CPN,CXT,CNNC,ICOB,BRIA,UET,MAO,AIB
898,BITZ,FRC,GPU,ARB,MAO,BAS,RMC,FUZZ,GLC,CXT,CPN,XCRE,FUZZ,SHDW,XCO,QCN,BTPL,HONEY,AIB,BRIA
899,SH,300,XCO,TEK,ALL,XBTC21,GPU,RPC,$$$,FUZZ,SHDW,EVO,EVO,EVO,MAO,YEL,MAR,EUC,KED,MAO
900,CACH,YAC,NRO,ICE,XCRE,MOTO,GPL,GPU,QCN,GLC,BAS,SOIL,QCN,CNNC,WMC,MAR,ZUR,VOT,BAS,HONEY
901,FLAX,ISL,OFF,TOR,EREAL,MAO,SOIL,CXT,RMC,EGAS,CON,CON,XCRE,GPU,BTPL,SHDW,BAS,QCN,SHDW,DIBC
902,XVP,OFF,BLN,REE,EGAS,SOIL,XNG,FLAX,ACOIN,ALL,EGAS,GLT,HONEY,BAS,EGAS,CNNC,CACH,KED,CACH,JIN
903,EREAL,EREAL,USDE,FUZZ,RPC,FUZZ,NTWK,SOIL,GPU,KRONE,ERY,SONG,NTWK,YEL,EVO,WMC,MAO,RMC,XBTC21,ICOB
904,GPL,AERM,GCC,HMP,BTG,NRO,BITGOLD,YEL,XCO,NEVA,EVO,EGAS,AIB,FUZZ,COXST,EVO,XBTS,REE,ERY,WMC
905,ICE,LTCU,BIP,GPU,SHDW,XCRE,SONG,XCRE,FUZZ,DRS,CXT,AIB,BAS,CPN,SCRT,BTPL,ICOB,XBTC21,CON,ERY
906,CPN,BNX,ALL,GBC,ERY,GPL,WMC,GP,SFC,CYP,NEVA,EAGLE,OFF,SCRT,LEA,ZUR,BRAT,SOJ,CYP,ZUR
907,BITSILVER,BENJI,ERY,XBTS,SFC,GLT,FLAX,SONG,SOIL,GPU,SOIL,GPL,MAO,WMC,FRC,XBTS,MST,CACH,RPC,SHDW
908,300,SLING,NEVA,FLAX,SPEX,DRS,BIP,EAGLE,CYP,MAO,FLAX,MAO,NEVA,GLT,FUZZ,CACH,EVO,MAO,BRIA,QTL
909,XCRE,FRK,ISL,BIP,ICE,XBTS,RPC,GPL,MAO,EAGLE,FUZZ,DRS,CNNC,MAO,SPEX,MAO,300,BRAT,HONEY,SPEX
910,DRS,MSCN,ZMC,DRS,MST,GPU,SPEX,CON,HONEY,SONG,GLT,NEVA,SHDW,ALL,CPN,FUZZ,SPEX,BRIA,NRO,NRO
911,FIRE,SPT,SLING,MAY,TEK,NEVA,300,WMC,BIP,GPL,XBTS,SCRT,EGAS,BRAT,UET,XCRE,FRK,FUZZ,ZUR,CACH
912,GP,ECO,FRK,ECO,REE,SFC,XBTS,KRONE,EAGLE,VUC,KRONE,XNG,WMC,SPEX,300,BRIA,GPU,SPEX,BTPL,GTC
913,SONG,IMX,WMC,300,XBTS,SHDW,GP,FRK,KRONE,$$$,XCO,KRONE,CXT,XBTS,SHDW,VPRC,FUZZ,MST,FRC,EVO
914,SPEX,USDE,ACP,SFC,YAC,300,OFF,SPEX,GP,GLT,MAO,XCO,SPEX,ACOIN,ACOIN,FRK,XCRE,SHDW,REE,MST
915,TEK,CXT,ECO,FRK,HMP,SPEX,MAO,SHDW,SONG,SOIL,GPL,FLAX,GLT,FLAX,XCRE,SPEX,CON,EVO,SPEX,XBTS
916,GTC,LUNA,FLAX,SLING,BIP,VUC,GLT,EGAS,GLT,RPC,AIB,SPEX,GPU,GPL,SOIL,CPN,SCRT,MAR,FRK,SCRT
917,HMP,BITGOLD,CMT,USDE,GP,TEK,NEVA,300,FRK,300,SONG,$$$,GPL,HMP,CXT,GPU,HMP,FRK,MST,CNNC
918,BLN,WORM,TAJ,NRO,NRO,MST,EAGLE,MAY,GPL,ERY,ACOIN,ACOIN,EREAL,CON,FLAX,XCO,EGAS,NRO,SCRT,300
919,CMT,CMT,EAGLE,WMC,IMX,EREAL,XCRE,DIBC,SPEX,FRK,$$$,300,XCO,SOIL,$$$,NEVA,VOT,DIBC,WMC,EREAL
920,ISL,BLN,SPT,YAC,TRDT,RPC,FRC,NEVA,TEK,SPEX,FRK,BIP,ACOIN,GBC,GPU,FRC,NRO,SCRT,RMC,ALTCOM
921,BNX,TAJ,ASAFE2,SPT,OFF,OFF,AERM,MAO,RPC,SFC,SPEX,BAS,VUC,300,ALL,JIN,CNNC,BAS,EVO,GPU
922,SHDW,TOR,MAD,NEVA,NEVA,FRK,IMX,XBTS,300,TEK,TEK,CXT,SONG,FRC,BAS,EAGLE,NEVA,CNNC,UET,ISL
923,MAY,EXN,LTCU,CMT,AERM,BIP,ERY,IMX,ALL,HMP,BIP,VUC,MAY,VUC,KRONE,EGAS,CXT,GPU,MAY,MAR
924,MST,SLEVIN,LUNA,GTC,FLAX,BENJI,ALL,SFC,HMP,EREAL,ALL,GPU,300,ISL,JIN,BAS,COXST,CPN,VOT,COXST
925,FRC,BOAT,TOR,SAC,ISL,IMX,MAY,ACOIN,ERY,YEL,300,ZUR,FLAX,GTC,GPL,CON,XCO,EAGLE,CNNC,FRC
926,ECO,LEA,BNX,SCRT,300,FRC,SFC,RMC,YAC,ACOIN,ECO,HMP,KRONE,ECO,CON,GPL,FRC,ISL,GPU,ACOIN
927,NEWB,WMC,AERM,IMX,ZMC,GP,BENJI,YAC,VUC,YAC,EAGLE,MAY,ISL,EGAS,ISL,ALL,$$$,XBTS,300,CON
928,BENJI,TOKEN,EREAL,EXN,MAY,BNX,DRS,XNG,SHDW,GP,YAC,YAC,BIP,GP,YAC,CXT,EREAL,BLN,ISL,MNC
929,SLING,ZMC,MSCN,BENJI,CMT,BOST,SLING,LEA,DRS,MAY,GP,GP,EAGLE,SONG,VUC,ECO,VPRC,300,MAR,NTWK
930,VC,VEC2,IMX,COXST,SLING,AERM,ECO,GTC,OFF,XCO,DRS,ISL,ALL,BIP,EAGLE,FLAX,CPN,FRC,FUZZ,BLN
931,WMC,UET,CTO,DIBC,BTQ,ERY,NRO,DRS,ISL,XNG,VUC,SOJ,DIX,KRONE,ASAFE2,KRONE,WMC,VPRC,XCRE,BTPL
932,BITGOLD,ASAFE2,BOAT,LTCU,LTCU,FLAX,FRK,ERY,MAY,BIP,SFC,DIBC,SOIL,SLING,ECO,CMT,ACOIN,CON,ACOIN,VUC
933,RUPX,VPRC,XCS,GCC,FRK,CMT,SPT,SKC,BLN,TYCHO,GPU,IMX,NRO,XCO,VPRC,ACOIN,ICE,IMX,XNG,SOIL
934,LUNA,SKC,VEC2,ACOIN,WMC,ZMC,VEC2,VUC,ECO,ECO,DIBC,FRC,YEL,VPRC,GRT,GP,SLING,XNG,JIN,XNG
935,EXN,ANTI,LEA,BLN,BLN,ACOIN,SAC,OFF,CMT,SKC,ISL,ECO,VPRC,DIBC,MAY,GTC,GTC,ALL,GTC,CPN
936,XCS,DBTC,BOST,DBTC,USDE,SLING,ACOIN,ALL,SKC,ISL,TYCHO,BENJI,GP,$$$,FRK,$$$,BLN,MAY,SLING,XCRE
937,USDE,KNC,WORM,BNX,LEA,MAY,CMT,BENJI,BENJI,ZMC,FRC,ASAFE2,DIBC,EREAL,DIBC,SOIL,SAC,ACOIN,XCO,BXC
938,SAC,SAC,YAC,ZMC,BENJI,LEA,BNX,BLN,DIBC,ICE,AERM,SFC,ECO,FRK,XNG,SLING,RMC,SLING,NEVA,MAY
939,BOAT,BOST,VPRC,EREAL,ECO,ECO,TYCHO,FRC,TAJ,FRC,GTC,FRK,SFC,XBTC21,GP,BIP,YAC,NEVA,SOJ,YAC
940,SPT,CF,UET,YEL,SAC,XNG,USDE,ECO,GTC,AIB,MAY,YEL,XNG,MAY,SFC,MAY,GPL,GTC,LUNA,ECO
941,UET,PRX,COXST,XNG,COXST,ICE,DIBC,NRO,XNG,BENJI,BENJI,BLN,FRK,SFC,IMX,CTO,FLAX,XCO,SAC,GP
942,CXT,XBTC21,KNC,LUNA,ACOIN,SAC,TAJ,SAC,GBC,GTC,TAJ,OFF,ASAFE2,NRO,BIP,XNG,BIP,SAC,YAC,SPT
943,OFF,ICON,DBTC,ASAFE2,GTC,LTCU,DBTC,USDE,EXN,IMX,OFF,SAC,GTC,ASAFE2,SONG,ICE,MAY,XCRE,BLN,XCO
944,YAC,WARP,TOKEN,LEA,DRS,USDE,GTC,BNX,ICE,AERM,SAC,CMT,$$$,GRT,GTC,BLN,CMT,YAC,XBTS,RMC
945,COXST,HMP,CF,BOAT,BNX,GCC,LEA,SPT,IMX,SPT,XNG,ALL,LUNA,DRS,CMT,300,XNG,JIN,SOIL,FUZZ
946,LEA,GCC,BITEUR,SLEVIN,WORM,YAC,YAC,ICE,SPT,OFF,CMT,GTC,YAC,BNX,EREAL,JS,OFF,EREAL,EREAL,FLAX
947,TOR,JS,MTLMC3,TAJ,SPT,SPT,LTCU,EREAL,LEA,CMT,BLN,SPT,DRS,OFF,GBC,SFC,DIBC,VUC,FLAX,GPL
948,ATX,DLISK,ANTI,ISL,GBC,BLN,BSTAR,ADCN,TYCHO,EXN,ADCN,BNX,CMT,CTO,DRS,DRS,ECO,OFF,VUC,LUNA
949,TAJ,WOMEN,SAC,WORM,XNG,BSTAR,BLN,TYCHO,JWL,BNX,VEC2,GBC,JWL,XNG,NRO,SCRT,DRS,GPL,EAGLE,DBTC
950,XBTC21,PULSE,SLEVIN,BOST,TAJ,BTQ,SKC,CMT,NRO,TAJ,ASAFE2,EREAL,TAJ,BENJI,OFF,EREAL,GP,BIP,ECO,ALL
951,WORM,VIP,HMP,AERM,SLEVIN,GTC,LUNA,DBTC,BNX,JWL,BNX,JWL,SPT,CMT,BRIA,LUNA,VUC,CXT,YEL,OFF
952,BOST,JWL,WARP,CF,BOAT,DBTC,JWL,BSTAR,PIE,NRO,EREAL,BSTAR,FIRE,COXST,SOJ,OFF,EAGLE,$$$,BXC,CXT
953,IMX,URO,WOMEN,ANTI,DBTC,PIE,ASAFE2,BTQ,LUNA,BLN,JWL,TAJ,BENJI,FIRE,BENJI,FIRE,XBTC21,GP,COXST,QBC
954,ASAFE2,ATX,DLISK,XCS,CTO,ASAFE2,ZMC,ATX,EREAL,GBC,WORM,DBTC,CTO,JWL,BLN,YAC,KRONE,BXC,GPL,YEL
955,KNC,PLACO,PULSE,WOMEN,DIBC,BOAT,ADCN,ZMC,SCRT,ASAFE2,DBTC,FIRE,IMX,EAGLE,LUNA,SONG,SONG,YEL,CMT,VLT
956,VPRC,QBC,BSTAR,WARP,ANTI,TAJ,RBX,LUNA,LTCU,COXST,ZMC,COXST,BLN,BLN,CTO,DIBC,BNX,ECO,EGAS,JWL
957,CTO,YEL,BLRY,MSCN,LUNA,ANTI,PULSE,LTCU,ZMC,SCRT,IMX,WORM,SAC,TAJ,BSTAR,TAJ,BENJI,EGAS,$$$,NEVA
958,ANTI,GBT,JWL,UET,EXN,BVC,VPRC,TAJ,ATX,LUNA,SPT,ZMC,LTCU,LUNA,ICE,IMX,YEL,BTQ,OFF,UET
959,SKC,DRM,URO,BITEUR,MSCN,WARP,ARB,JWL,SAC,DIBC,NRO,NRO,BNX,YAC,FIRE,BVC,FIRE,FLAX,FIRE,EGAS
960,FRK,XCS,XBTC21,BSTAR,CF,WORM,EXN,CESC,ASAFE2,LEA,ICE,ICE,TOR,ZMC,XBTC21,BENJI,IMX,NTWK,ALL,SONG
961,PRX,BVC,ATX,JS,TOR,LUNA,MSCN,ASAFE2,AERM,SAC,CTO,CTO,CF,SPT,ZMC,VUC,BVC,JS,GP,CMT
962,PLACO,PIE,STEPS,ACP,CTIC2,JWL,BLRY,ARB,MSCN,DBTC,LEA,GCC,WORM,ICE,BNX,JWL,SFC,SONG,CXT,FRK
963,WARP,MILO,YEL,XBTC21,BOST,VPRC,TOKEN,EXN,ICON,VEC2,WARP,VEC2,ANTI,DBTC,JWL,DBTC,ALL,BENJI,ZMC,JS
964,RBX,ARB,RBX,URO,ASAFE2,ROOFS,ROOFS,VEC2,XBTC21,PIE,GCC,LEA,GCC,WORM,TAJ,SPT,CTO,CMT,BVC,SOJ
965,PIE,BITEUR,VIP,QBC,BLRY,ISL,ANTI,PULSE,PULSE,XBTC21,LUNA,ADCN,XBTC21,SAC,SPT,BNX,SOJ,BVC,JWL,$$$
966,ICON,PLNC,ICON,RBX,ROOFS,SLEVIN,XBTC21,VPRC,VEC2,UET,EXN,TYCHO,AERM,IMX,BVC,COXST,SOIL,JWL,IMX,BIP
967,CF,FLVR,MILO,PRX,ARB,SKC,CF,GBC,UET,LTCU,SCRT,AERM,SOJ,TOR,DBTC,ISL,JS,TAJ,BIP,ANTI
968,ROOFS,RIDE,DRM,DLISK,GCC,TOR,DLISK,BLRY,CF,CF,RBX,VPRC,HMP,BVC,ANTI,XBTC21,SPT,SOIL,SPT,VPRC
969,DBTC,ROOFS,GBT,BLRY,UET,TYCHO,WORM,WORM,ANTI,MSCN,PIE,ANTI,DBTC,ANTI,PIE,MND,ISL,BNX,DBTC,TAJ
970,BSTAR,WBB,FLVR,DRM,JWL,CF,BOAT,ANTI,GCC,ANTI,ANTI,XBTC21,ROOFS,LTCU,LTCU,GCC,DBTC,TYCHO,JS,DRS
971,GCC,DES,EXN,ICON,PULSE,MILO,HMP,XBTC21,RBX,GCC,SOJ,ROOFS,ADCN,SOJ,TOR,BRAIN,GCC,LUNA,CPN,GCC
972,VIP,G3N,SKC,ADCN,WARP,MSCN,DRM,CF,MILO,WORM,LTCU,TEK,DRM,GCC,ROOFS,WORM,ROOFS,SPT,BENJI,BENJI
973,VOLT,BSC,GEERT,FLVR,DLISK,PULSE,WOMEN,DLISK,DRM,DRM,XBTC21,CF,BSTAR,CF,SAC,SAC,TAJ,DBTC,TYCHO,KRONE
974,PULSE,ACP,PIE,TOKEN,TOKEN,VEC2,PIE,UET,WORM,GBT,CF,BITEUR,SLING,MSCN,GCC,ANTI,QBC,ICE,BNX,SLING
975,ZMC,GEERT,PLACO,CTO,WOMEN,CTIC2,GCC,BOAT,GBT,PULSE,MSCN,LUNA,VEC2,MTLMC3,PRX,HMP,PIE,DRS,TAJ,SAC
976,JWL,RSGP,PRX,SKC,BSTAR,TOKEN,CWXT,WOMEN,QBC,CTO,HMP,DRM,ICE,PIE,HMP,ROOFS,TYCHO,SFC,VPRC,SFC
977,QBC,ADCN,WBB,VLTC,SKC,HMP,VIP,GCC,USDE,TOKEN,GBC,BRAIN,MSCN,ICON,ADCN,CF,BRAIN,GCC,SONG,ROOFS
978,VEC2,CTO,BVC,PLACO,JS,UET,UET,TOR,TOR,URO,GBT,LTCU,ZMC,FLVR,BITEUR,GBT,ANTI,QBC,ROOFS,BRAIN
979,BITEUR,DIBC,PLNC,VEC2,XCS,PLACO,MTLMC3,MSCN,PRX,BSTAR,CESC,TOR,BOAT,BOAT,CF,LTCU,LUNA,KRONE,ANTI,VEC2
980,ORLY,PONZI,VOLT,SOCC,PRX,URO,SLEVIN,HMP,SLEVIN,ADCN,SLEVIN,BOAT,ICON,BITEUR,JS,BOAT,RBX,ANTI,DRS,PULSE
981,CAB,PRC,BSC,PONZI,YEL,WOMEN,CTO,DRM,CTO,ATX,BITEUR,URO,BITEUR,ADCN,MSCN,ATX,CF,BRAIN,QBC,TYCHO
982,TOKEN,RBX,ADCN,BVC,MILO,DIBC,BTQ,PIE,BOAT,USDE,ATX,FLVR,MTLMC3,BLRY,BRAIN,ZMC,PRX,BITEUR,RBX,HMP
983,DLISK,ORLY,PRC,ROOFS,BITEUR,GBT,CESC,QBC,BTQ,BOAT,UET,WARP,PRX,VIP,BOAT,GEERT,WORM,VEC2,GCC,BITEUR
984,MILO,SOCC,PONZI,DES,QBC,DLISK,SH,CWXT,BITEUR,BITEUR,ROOFS,ICON,TYCHO,PRX,LTCR,VEC2,BITEUR,COXST,KRONE,ICE
985,WOMEN,LTCR,ZYD,ATX,SOCC,QBC,FLVR,MILO,SCS,LTCR,SCS,VIP,BLRY,VEC2,QBC,SOJ,ZMC,WORM,WORM,CF
986,GEERT,CWXT,CWXT,RSGP,VLTC,ACP,PRX,TOKEN,SOCC,SCS,BOAT,CESC,BVC,ROOFS,BLRY,QBC,BOAT,GBC,BITEUR,BVC
987,SOCC,ZYD,RIDE,PRC,ICON,BITEUR,BVC,PRX,DLISK,ARB,MTLMC3,ATX,WOMEN,PONZI,VIP,FLVR,ATX,HMP,BRAIN,BSTAR
988,CWXT,HVCO,ORLY,VIP,ADCN,ATX,ICON,MTLMC3,TOKEN,MTLMC3,DLISK,MSCN,EXN,QBC,ATX,MILO,JWL,ROOFS,HMP,BNX
989,FLVR,BIOS,DIBC,PIE,ATX,SOCC,QBC,SCS,PLACO,MILO,YEL,MTLMC3,ATX,WOMEN,WORM,MSCN,CWXT,CF,CF,ARB
990,VRS,VOLT,LTCR,GEERT,FLVR,PRX,ICE,VIP,BLRY,BLRY,BLRY,UET,RIDE,CESC,FLVR,BITEUR,MND,BSTAR,BSTAR,ZMC
991,PLNC,VLTC,SOCC,MTLMC3,VEC2,SH,BITEUR,BITEUR,ADCN,BVC,LTCR,LTCR,MND,TYCHO,VEC2,MTLMC3,BLRY,ATX,GBC,ADCN
992,DES,VRS,ROOFS,PULSE,MTLMC3,FLVR,VLTC,SH,BVC,SLEVIN,BVC,PLACO,SCS,JS,ICON,PRX,VEC2,BOAT,ADCN,LTCU
993,BVC,IBANK,HVCO,VPRC,STEPS,CTO,SOCC,SLEVIN,WOMEN,ICON,PLACO,EXN,BRAIN,SCS,PONZI,BLRY,DLISK,ZMC,MTLMC3,VIP
994,DIBC,BRAIN,NANOX,DOLLAR,PONZI,ADCN,ATX,CTO,CWXT,CWXT,ICON,RIDE,FLVR,MILO,MTLMC3,ICON,ADCN,MTLMC3,FLVR,TOR
995,ADCN,SCS,JOBS,G3N,RIDE,PRC,BSC,BVC,ROOFS,CESC,FLVR,MND,QBC,PLACO,MILO,TYCHO,LTCU,ZYD,BOAT,MILO
996,RSGP,DOLLAR,QBC,PLNC,TYCHO,CWXT,MND,LTCR,FLVR,FLVR,CWXT,BLRY,CWXT,RBX,CESC,ADCN,VIP,PRX,SFC,BLRY
997,BLRY,MND,TAGR,VRS,GEERT,XCS,PEX,ROOFS,MTLMC3,SH,PRX,WOMEN,PIE,DES,WARP,CWXT,MILO,LTCU,PRX,MND
998,BSC,CRDNC,DOLLAR,CWXT,GBT,MTLMC3,SCS,ICON,MND,RBX,SH,PLNC,MILO,GBT,MND,WOMEN,PONZI,FIRE,MND,ATX
999,JOBS,URC,VLTC,LTCR,BVC,EXN,GEERT,PLNC,ACP,TOR,TOR,PRX,RBX,CWXT,SCS,EXN,MTLMC3,CTO,BLRY,CTO
